order_id,date,time,order_type,branch_code,order_items,order_price,customer_lat,customer_lon,customerHasloyalty?,distance_to_customer_KM,delivery_fee
ORDA10115,2018-03-19,10:32:06,Breakfast,BK,"[('Coffee', 8), ('Eggs', 2)]",104.0,-37.8076285,144.9581712,0,7.886,12.2193574
ORDZ00416,2018-11-23,18:49:00,Dinner,NS,"[('Salmon', 3), ('Fish&Chips', 8)]",403.0,-37.8185217,144.9830396,0,8.862,14.817088
ORDY09520,2018-10-22,17:48:10,Dinner,TP,"[('Pasta', 8), ('Salmon', 1), ('Fish&Chips', 3), ('Shrimp', 6)]",690.0,-37.8095852,144.9467296,0,9.675,14.0769669
ORDK01884,2018-07-23,14:45:38,Lunch,BK,"[('Steak', 2), ('Salad', 2), ('Chicken', 8), ('Fries', 2)]",404.4,-37.8118251,144.9903343,0,5.173,10.8918354
ORDX03954,2018-12-28,20:00:00,Dinner,BK,"[('Shrimp', 1), ('Fish&Chips', 4), ('Pasta', 1), ('Salmon', 2)]",303.5,-37.7974934,145.0087199,0,5.321,11.9232537
ORDB06239,2018-01-05,08:00:00,Breakfast,TP,"[('Eggs', 3), ('Coffee', 5), ('Pancake', 6)]",249.0,-37.8115911,144.9724848,1,8.833,6.0528287
ORDY03276,2018-12-02,19:09:17,Dinner,TP,"[('Pasta', 4), ('Salmon', 4)]",274.0,-37.821219,144.9880483,0,9.42,14.7575263
ORDX08008,2018-03-01,09:51:32,Breakfast,BK,"[('Cereal', 6), ('Coffee', 8), ('Eggs', 6)]",318.0,-37.8190415,144.9896199,0,5.845,10.5395572
ORDX10860,2018-07-15,14:25:21,Lunch,BK,"[('Burger', 10), ('Steak', 7), ('Salad', 8), ('Fries', 10), ('Chicken', 1)]",914.6,-37.7997643,144.935714,0,12.723,21.6147881
ORDI05261,2018-05-08,12:13:31,Lunch,NS,"[('Fries', 7), ('Steak', 3), ('Chicken', 8)]",475.0,-37.804187,144.971475,0,7.006,12.2362384
ORDJ09869,2018-08-31,15:56:37,Lunch,TP,"[('Salad', 5), ('Chicken', 10), ('Fries', 8), ('Steak', 6), ('Burger', 7)]",989.0,-37.8083976,144.961666,0,8.881,12.0789199
ORDI07257,2018-05-30,12:54:05,Lunch,NS,"[('Steak', 5), ('Burger', 8), ('Chicken', 1), ('Fries', 4), ('Salad', 2)]",587.4,-37.8004794,144.9581878,0,7.296,13.0802736
ORDA06519,2018-09-26,16:57:27,Dinner,BK,"[('Shrimp', 2), ('Pasta', 4), ('Fish&Chips', 8)]",498.0,-37.8111806,144.952166,0,8.529,15.4788788
ORDI07423,2018-06-24,13:44:47,Lunch,NS,"[('Burger', 8), ('Steak', 10), ('Fries', 10), ('Chicken', 7)]",1042.0,-37.8258144,144.9829053,0,9.48,17.2204197
ORDX07121,2018-03-09,10:11:49,Breakfast,BK,"[('Pancake', 5), ('Eggs', 2), ('Cereal', 10), ('Coffee', 2)]",390.25,-37.8157963,144.9664983,0,7.568,12.2826572
ORDB07426,2018-05-05,12:03:22,Lunch,TP,"[('Fries', 6), ('Salad', 4), ('Steak', 2), ('Burger', 5), ('Chicken', 3)]",481.8,-37.8030788,144.9984441,0,11.55,15.6880736
ORDZ03072,2018-07-28,14:55:46,Lunch,NS,"[('Salad', 8), ('Steak', 7), ('Fries', 1), ('Chicken', 6)]",656.6,-37.8149716,144.9606149,0,8.298,15.7870174
ORDC09381,2018-02-16,09:31:16,Breakfast,NS,"[('Pancake', 8), ('Eggs', 9)]",392.0,-37.8005335,144.9458871,0,8.4,13.3073945
ORDJ06885,2018-11-12,18:28:43,Dinner,TP,"[('Pasta', 6), ('Fish&Chips', 1), ('Salmon', 4), ('Shrimp', 1)]",418.0,-37.8116537,144.956473,0,8.657,12.9288207
ORDX00609,2018-10-08,17:17:44,Dinner,BK,"[('Pasta', 6), ('Salmon', 3), ('Shrimp', 7), ('Fish&Chips', 9)]",981.0,-37.8193926,144.9611525,0,8.019,14.548478
ORDZ04858,2018-01-17,08:30:25,Breakfast,NS,"[('Cereal', 2), ('Coffee', 7), ('Eggs', 8), ('Pancake', 9)]",488.75,-37.8081468,144.9342466,1,10.24,7.6313199
ORDC08903,2018-05-23,12:43:56,Lunch,NS,"[('Salad', 5), ('Burger', 4), ('Chicken', 1)]",242.0,-37.8191184,144.9772137,0,8.483,21.04466205
ORDX01938,2018-01-30,08:50:42,Breakfast,BK,"[('Coffee', 2), ('Eggs', 6)]",147.0,-37.8092583,144.9523112,0,8.49,13.4460577
ORDI00376,2018-11-25,18:49:00,Dinner,NS,"[('Salmon', 2), ('Pasta', 4)]",192.0,-37.8240292,144.9569847,0,10.039,17.931352
ORDY10978,2018-06-20,13:34:38,Lunch,TP,"[('Burger', 5), ('Chicken', 7), ('Salad', 6)]",482.2,-37.8117774,144.9561848,0,8.672,12.2621623
ORDZ07135,2018-06-15,13:24:30,Lunch,NS,"[('Chicken', 3), ('Fries', 6), ('Burger', 1), ('Salad', 2)]",233.4,-37.8134784,144.9656615,0,7.839,13.3452748
ORDZ07192,2018-09-30,16:57:27,Dinner,NS,"[('Pasta', 9), ('Shrimp', 1), ('Fish&Chips', 2)]",371.5,-37.8001375,144.9761669,0,6.683,15.0407474
ORDX01612,2018-02-13,09:21:07,Breakfast,BK,"[('Eggs', 1), ('Pancake', 2), ('Cereal', 5)]",175.5,-37.8250967,144.9917458,0,6.8,11.8193599
ORDJ00761,2018-02-17,09:31:16,Breakfast,TP,"[('Eggs', 2), ('Coffee', 3)]",66.5,-37.8093191,144.9625898,0,8.679,12.9664491
ORDC10088,2018-01-29,08:50:42,Breakfast,NS,"[('Eggs', 7), ('Pancake', 4)]",251.0,-37.8239546,144.9374274,0,10.82,15.8538663
ORDZ07123,2018-05-01,11:53:14,Breakfast,NS,"[('Pancake', 7), ('Cereal', 8)]",337.75,-37.8148324,144.9450731,0,9.184,14.0926514
ORDZ07360,2018-03-27,10:42:15,Breakfast,NS,"[('Pancake', 7), ('Eggs', 7)]",323.75,-37.8183221,145.0015453,0,10.3,15.4301743
ORDB06511,2018-12-01,18:59:09,Dinner,TP,"[('Fish&Chips', 9), ('Pasta', 10), ('Shrimp', 9), ('Salmon', 10)]",1486.0,-37.8180223,144.953594,0,8.533,13.9902693
ORDI03977,2018-07-21,14:35:29,Lunch,NS,"[('Burger', 7), ('Chicken', 3), ('Salad', 3)]",364.6,-37.8205572,145.0116272,0,11.388,18.9058794
ORDX03522,2018-05-09,12:13:31,Lunch,BK,"[('Steak', 4), ('Burger', 5), ('Fries', 8), ('Chicken', 5)]",591.0,-37.7994993,144.9896132,0,6.102,12.0389894
ORDC00371,2018-05-07,12:13:31,Lunch,NS,"[('Fries', 7), ('Steak', 10)]",534.0,-37.8042683,144.971431,0,7.019,12.2545851
ORDC06719,2018-09-24,16:47:19,Dinner,NS,"[('Pasta', 5), ('Shrimp', 7), ('Salmon', 4), ('Fish&Chips', 2)]",749.5,-37.8052711,144.97619,0,6.986,13.2803556
ORDK04358,2018-04-25,11:43:05,Breakfast,BK,"[('Coffee', 7), ('Pancake', 9)]",270.75,-37.8128818,144.9428484,0,9.425,14.2998275
ORDZ04243,2018-05-16,12:23:39,Lunch,NS,"[('Fries', 9), ('Burger', 8), ('Salad', 3)]",407.6,-37.8085305,144.9717364,0,7.33,13.0163804
ORDC08772,2018-06-18,13:34:38,Lunch,NS,"[('Fries', 5), ('Chicken', 3), ('Salad', 8), ('Burger', 7)]",510.6,-37.8197384,145.0147371,0,11.469,17.0356232
ORDI11013,2018-06-06,13:04:13,Lunch,NS,"[('Steak', 4), ('Burger', 2), ('Fries', 3), ('Chicken', 8)]",534.0,-37.7998278,144.9899197,0,8.068,13.6813763
ORDY08147,2018-06-07,13:14:21,Lunch,TP,"[('Steak', 2), ('Chicken', 10)]",410.0,-37.8154764,144.9462068,0,9.417,11.701703
ORDJ05607,2018-01-28,08:50:42,Breakfast,TP,"[('Cereal', 5), ('Coffee', 9), ('Pancake', 3)]",245.25,-37.8143597,144.9702034,0,8.324,12.8119273
ORDK08375,2018-02-13,09:21:07,Breakfast,BK,"[('Cereal', 9), ('Eggs', 8), ('Coffee', 8), ('Pancake', 7)]",594.75,-37.8249166,144.9920157,0,6.78,12.2823184
ORDB05161,2018-11-06,18:18:35,Dinner,TP,"[('Fish&Chips', 5), ('Salmon', 5), ('Shrimp', 3)]",542.0,-37.811388,144.9616951,0,8.371,12.700111
ORDY03168,2018-02-23,09:41:24,Breakfast,TP,"[('Coffee', 10), ('Eggs', 6), ('Pancake', 10)]",449.5,-37.8237154,144.9673126,0,7.845,10.4222705
ORDB04484,2018-11-09,18:18:35,Dinner,TP,"[('Pasta', 10), ('Shrimp', 7), ('Fish&Chips', 3), ('Salmon', 10)]",1168.0,-37.803444,145.0109935,0,12.609,15.8707277
ORDB09005,2018-08-12,15:26:11,Lunch,TP,"[('Fries', 6), ('Burger', 5), ('Steak', 9)]",632.0,-37.8129352,144.9879164,0,9.847,15.0859104
ORDZ07541,2018-08-22,15:46:28,Lunch,NS,"[('Chicken', 9), ('Burger', 9), ('Fries', 8), ('Steak', 1)]",708.0,-37.8186356,145.000497,0,10.167,15.6801436
ORDB06642,2018-03-18,10:32:06,Breakfast,TP,"[('Cereal', 10), ('Pancake', 8), ('Coffee', 10), ('Eggs', 4)]",567.0,-37.8092351,144.9722247,0,9.122,13.529947
ORDX08976,2018-01-15,08:20:16,Breakfast,BK,"[('Pancake', 6), ('Cereal', 2), ('Eggs', 10), ('Coffee', 10)]",482.5,-37.8125018,144.9632414,1,7.631,6.3425749
ORDI02873,2018-04-05,11:02:32,Breakfast,NS,"[('Coffee', 8), ('Pancake', 7), ('Cereal', 1), ('Eggs', 5)]",360.75,-37.8177257,144.9518751,0,9.133,14.2557462
ORDA09402,2018-09-11,16:16:54,Dinner,BK,"[('Fish&Chips', 3), ('Salmon', 1), ('Pasta', 1), ('Shrimp', 3)]",335.5,-37.8087718,144.9661834,0,7.162,14.2404214
ORDJ02509,2018-12-08,19:19:26,Dinner,TP,"[('Shrimp', 7), ('Pasta', 5)]",515.5,-37.8207561,144.9484718,0,8.884,14.3651518
ORDJ08058,2018-10-08,17:17:44,Dinner,TP,"[('Fish&Chips', 7), ('Salmon', 2), ('Shrimp', 5)]",597.0,-37.8116934,144.9565734,0,8.652,13.0471987
ORDY11068,2018-11-08,18:18:35,Dinner,TP,"[('Pasta', 10), ('Fish&Chips', 7)]",520.0,-37.8103283,144.9834863,0,9.504,13.6067684
ORDX01010,2018-03-18,10:32:06,Breakfast,BK,"[('Coffee', 1), ('Cereal', 8), ('Eggs', 8)]",351.5,-37.8150314,144.9528897,0,8.557,15.7443539
ORDI01772,2018-03-02,09:51:32,Breakfast,NS,"[('Cereal', 9), ('Eggs', 4)]",277.0,-37.8181423,144.9912599,0,9.467,14.8596789
ORDZ06890,2018-06-07,13:14:21,Lunch,NS,"[('Salad', 8), ('Chicken', 3)]",233.6,-37.8037471,144.9489054,0,8.498,13.9659689
ORDK04371,2018-02-08,09:10:59,Breakfast,BK,"[('Eggs', 1), ('Cereal', 3), ('Coffee', 8)]",145.0,-37.8168264,144.9505586,0,9.228,13.8950178
ORDC02348,2018-10-12,17:27:53,Dinner,NS,"[('Salmon', 8), ('Pasta', 10), ('Shrimp', 6)]",927.0,-37.8195322,144.9617304,0,8.905,7.29525915
ORDY03489,2018-04-16,11:22:49,Breakfast,TP,"[('Coffee', 2), ('Cereal', 8), ('Pancake', 8), ('Eggs', 5)]",487.0,-37.8102362,144.968798,0,8.824,11.2595081
ORDK00599,2018-04-21,11:32:57,Breakfast,BK,"[('Pancake', 3), ('Eggs', 6), ('Coffee', 8), ('Cereal', 8)]",432.75,-37.8176529,144.9694112,0,7.688,15.4688139
ORDB01555,2018-04-26,11:43:05,Breakfast,TP,"[('Coffee', 9), ('Eggs', 8), ('Pancake', 4), ('Cereal', 1)]",361.5,-37.8183782,144.9653005,0,7.546,10.4836042
ORDC09680,2018-07-04,14:05:04,Lunch,NS,"[('Salad', 10), ('Fries', 10), ('Chicken', 2), ('Steak', 9), ('Burger', 7)]",978.0,-37.8178873,144.9466472,0,9.475,15.0838099
ORDJ00949,2018-12-13,19:29:34,Dinner,TP,"[('Fish&Chips', 6), ('Shrimp', 3), ('Pasta', 4)]",482.0,-37.8161657,144.9752775,0,10.702,14.9475737
ORDC00279,2018-05-30,12:54:05,Lunch,NS,"[('Burger', 10), ('Fries', 2)]",334.0,-37.821683,144.956248,0,9.435,15.4177691
ORDI09984,2018-03-05,10:01:41,Breakfast,NS,"[('Cereal', 3), ('Coffee', 7), ('Pancake', 5)]",236.75,-37.7914845,144.9367602,0,10.102,15.071654
ORDZ04437,2018-01-08,08:10:08,Breakfast,NS,"[('Cereal', 10), ('Coffee', 4)]",240.0,-37.8147732,144.9574037,1,8.438,6.8677353
ORDK02674,2018-04-09,11:12:40,Breakfast,BK,"[('Eggs', 10), ('Cereal', 8), ('Coffee', 6), ('Pancake', 10)]",675.5,-37.8142051,144.950205,0,10.287,14.8074151
ORDA05453,2018-10-04,17:07:36,Dinner,BK,"[('Shrimp', 2), ('Pasta', 6)]",273.0,-37.8189252,144.9957258,0,5.245,12.0500835
ORDI09224,2018-08-08,15:16:03,Lunch,NS,"[('Salad', 2), ('Burger', 10), ('Steak', 1)]",389.4,-37.8063174,144.9415754,0,9.361,14.560189
ORDC07607,2018-03-23,10:42:15,Breakfast,NS,"[('Coffee', 5), ('Cereal', 4), ('Pancake', 2)]",170.0,-37.8211316,144.9841749,0,9.209,14.5665237
ORDX02737,2018-07-21,14:35:29,Lunch,BK,"[('Burger', 6), ('Steak', 2), ('Chicken', 8), ('Salad', 6)]",635.2,-37.8225901,145.0112938,0,4.789,13.2654342
ORDY06926,2018-08-03,15:05:54,Lunch,TP,"[('Steak', 6), ('Salad', 6), ('Fries', 6), ('Chicken', 5)]",605.2,-37.8127759,144.9483624,0,10.268,13.9177205
ORDK10380,2018-12-13,19:29:34,Dinner,BK,"[('Fish&Chips', 2), ('Shrimp', 7)]",448.0,-37.8177809,144.9317784,0,10.607,17.7715843
ORDB04295,2018-10-29,17:58:18,Dinner,TP,"[('Pasta', 5), ('Salmon', 8), ('Fish&Chips', 5)]",640.5,-37.8152136,145.0059807,0,11.443,14.9924324
ORDJ01869,2018-12-23,19:49:51,Dinner,TP,"[('Pasta', 6), ('Fish&Chips', 6)]",375.0,-37.818971,145.0038358,0,10.932,16.1952759
ORDK02884,2018-10-06,17:17:44,Dinner,BK,"[('Salmon', 8), ('Pasta', 9), ('Shrimp', 2), ('Fish&Chips', 10)]",1033.5,-37.8187755,144.9701918,0,7.503,16.6238878
ORDZ05044,2018-02-17,09:31:16,Breakfast,NS,"[('Coffee', 7), ('Pancake', 5)]",173.75,-37.8078288,144.9577575,0,7.897,15.0789059
ORDZ10312,2018-08-05,15:05:54,Lunch,NS,"[('Steak', 1), ('Burger', 3), ('Salad', 5), ('Chicken', 1), ('Fries', 8)]",352.0,-37.8029094,144.9482045,0,8.38,15.9157215
ORDY03313,2018-12-22,19:49:51,Dinner,TP,"[('Shrimp', 2), ('Fish&Chips', 9), ('Pasta', 5)]",560.5,-37.8057028,144.9675183,0,9.306,14.9090197
ORDB07191,2018-08-25,15:46:28,Lunch,TP,"[('Burger', 6), ('Salad', 1), ('Steak', 6), ('Fries', 2)]",497.2,-37.8150106,144.9695624,0,8.198,12.8485828
ORDJ09985,2018-07-15,14:25:21,Lunch,TP,"[('Steak', 3), ('Chicken', 10), ('Salad', 6), ('Burger', 2), ('Fries', 7)]",704.2,-37.7993605,144.9248132,0,12.978,17.9026054
ORDA00639,2018-05-11,12:13:31,Lunch,BK,"[('Steak', 10), ('Burger', 10), ('Salad', 10), ('Fries', 10), ('Chicken', 1)]",1084.0,-37.8248897,144.9361334,0,10.597,16.6556261
ORDX03414,2018-01-09,08:10:08,Breakfast,BK,"[('Coffee', 10), ('Eggs', 8), ('Pancake', 6), ('Cereal', 10)]",606.5,-37.8101896,144.9695886,1,6.97,5.9623342
ORDX09376,2018-04-27,11:43:05,Breakfast,BK,"[('Coffee', 5), ('Eggs', 3)]",103.5,-37.8119045,145.0035363,0,3.922,9.0295876
ORDX04934,2018-07-21,14:35:29,Lunch,BK,"[('Chicken', 6), ('Burger', 10), ('Steak', 2), ('Salad', 2), ('Fries', 7)]",710.4,-37.8221633,144.9681243,0,7.971,15.5071331
ORDY04227,2018-03-13,10:21:58,Breakfast,TP,"[('Cereal', 10), ('Pancake', 3), ('Coffee', 1)]",290.25,-37.8249905,144.9820473,0,8.932,11.0960671
ORDJ10797,2018-06-05,13:04:13,Lunch,TP,"[('Burger', 8), ('Steak', 6)]",518.0,-37.800242,144.943345,0,10.692,13.8595527
ORDX00257,2018-11-19,18:38:52,Dinner,BK,"[('Fish&Chips', 10), ('Pasta', 7)]",542.5,-37.8239102,144.9901857,0,6.237,13.3455012
ORDI02308,2018-08-27,15:46:28,Lunch,NS,"[('Salad', 5), ('Chicken', 6), ('Fries', 1), ('Steak', 1), ('Burger', 8)]",583.0,-37.803436,144.9835041,0,7.435,12.749395
ORDZ05977,2018-06-21,13:34:38,Lunch,NS,"[('Salad', 5), ('Chicken', 3), ('Burger', 6), ('Steak', 3)]",503.0,-37.7994744,145.0021407,0,9.688,15.2901845
ORDC07824,2018-04-16,11:22:49,Breakfast,NS,"[('Eggs', 10), ('Coffee', 3)]",242.5,-37.8104333,144.9681553,0,7.304,12.3391651
ORDJ06470,2018-10-12,17:27:53,Dinner,TP,"[('Salmon', 6), ('Pasta', 2), ('Shrimp', 7), ('Fish&Chips', 5)]",854.0,-37.8204525,144.9988393,0,10.521,7.2019511
ORDC04969,2018-03-23,10:42:15,Breakfast,NS,"[('Pancake', 6), ('Coffee', 4)]",175.5,-37.8183117,144.9755586,0,8.265,13.2661248
ORDY07853,2018-04-18,11:32:57,Breakfast,TP,"[('Pancake', 7), ('Cereal', 4), ('Coffee', 7)]",306.25,-37.8160839,144.9724101,0,8.199,11.2726558
ORDY05868,2018-04-23,11:43:05,Breakfast,TP,"[('Pancake', 8), ('Eggs', 10)]",414.0,-37.8188744,144.9533351,0,8.508,10.7182105
ORDZ05737,2018-12-07,19:19:26,Dinner,NS,"[('Shrimp', 9), ('Pasta', 8), ('Salmon', 2), ('Fish&Chips', 4)]",928.0,-37.8122878,144.9710567,0,7.522,13.579638
ORDC05799,2018-01-29,08:50:42,Breakfast,NS,"[('Eggs', 9), ('Coffee', 9), ('Cereal', 7), ('Pancake', 10)]",655.0,-37.8063975,144.9497754,0,8.517,13.6113993
ORDX01760,2018-05-01,11:53:14,Breakfast,BK,"[('Cereal', 6), ('Pancake', 2), ('Coffee', 6), ('Eggs', 2)]",263.5,-37.8027259,145.0052034,0,5.479,9.9675838
ORDY07272,2018-01-15,08:20:16,Breakfast,TP,"[('Coffee', 7), ('Cereal', 6)]",178.5,-37.81575,144.9215559,1,12.173,7.1724145
ORDJ01593,2018-08-09,15:16:03,Lunch,TP,"[('Steak', 10), ('Burger', 7), ('Chicken', 7), ('Salad', 5), ('Fries', 9)]",1085.0,-37.8155207,144.9880593,0,9.687,13.3092752
ORDK00196,2018-12-04,19:09:17,Dinner,BK,"[('Fish&Chips', 4), ('Shrimp', 3), ('Salmon', 9), ('Pasta', 4)]",781.0,-37.811672,145.0153872,0,4.482,11.4278754
ORDI02500,2018-07-09,14:15:12,Lunch,NS,"[('Salad', 4), ('Chicken', 5), ('Burger', 1), ('Fries', 3)]",295.8,-37.8023534,144.9630115,0,6.94,12.8577112
ORDC07686,2018-05-24,12:43:56,Lunch,NS,"[('Burger', 7), ('Salad', 9), ('Fries', 8), ('Steak', 9), ('Chicken', 7)]",1096.8,-37.8231627,144.9790985,0,8.933,14.7462354
ORDI08384,2018-03-05,10:01:41,Breakfast,NS,"[('Cereal', 10), ('Pancake', 5)]",331.25,-37.815787,144.9601527,0,8.513,13.3277087
ORDY01714,2018-07-10,14:15:12,Lunch,TP,"[('Steak', 10), ('Salad', 3)]",501.6,-37.8203354,145.0017179,0,10.822,14.1733605
ORDB00528,2018-02-11,09:21:07,Breakfast,TP,"[('Eggs', 2), ('Cereal', 3), ('Pancake', 8)]",301.0,-37.8100401,144.9694657,0,8.883,13.1216948
ORDI07483,2018-12-21,19:39:43,Dinner,NS,"[('Shrimp', 6), ('Pasta', 7)]",516.5,-37.8148533,144.9378063,0,9.833,15.3450626
ORDX04283,2018-04-12,11:12:40,Breakfast,BK,"[('Cereal', 10), ('Coffee', 8), ('Eggs', 10), ('Pancake', 3)]",562.75,-37.8047365,144.9270512,0,10.788,15.8289162
ORDX09632,2018-06-07,13:14:21,Lunch,BK,"[('Salad', 10), ('Burger', 2), ('Chicken', 8), ('Fries', 8), ('Steak', 10)]",1036.0,-37.80588,144.95599,0,8.069,14.3675887
ORDK06725,2018-01-08,08:10:08,Breakfast,BK,"[('Cereal', 7), ('Eggs', 4), ('Coffee', 1)]",242.5,-37.8170679,144.96366,1,7.812,6.1311279
ORDX03471,2018-12-06,19:09:17,Dinner,BK,"[('Shrimp', 2), ('Pasta', 4)]",218.0,-37.8174546,144.9601718,0,8.132,15.0417396
ORDX04239,2018-06-29,13:54:55,Lunch,BK,"[('Burger', 9), ('Steak', 5), ('Fries', 1)]",516.0,-37.8214043,144.9759479,0,7.591,13.4303827
ORDB03649,2018-11-24,18:49:00,Dinner,TP,"[('Pasta', 5), ('Salmon', 6), ('Fish&Chips', 5)]",558.5,-37.8136159,144.9401528,0,10.121,15.5220492
ORDA04523,2018-12-31,20:00:00,Dinner,BK,"[('Pasta', 5), ('Fish&Chips', 9)]",452.5,-37.821075,144.9694435,0,7.799,14.8940816
ORDZ06190,2018-07-16,14:25:21,Lunch,NS,"[('Salad', 2), ('Burger', 7), ('Chicken', 9)]",539.4,-37.8142266,144.9729692,0,7.818,13.7509196
ORDC03261,2018-12-06,19:09:17,Dinner,NS,"[('Shrimp', 9), ('Salmon', 5), ('Pasta', 3), ('Fish&Chips', 6)]",983.5,-37.8184396,144.9567454,0,8.964,14.9432319
ORDJ03179,2018-08-01,14:55:46,Lunch,TP,"[('Salad', 7), ('Fries', 2), ('Chicken', 1), ('Burger', 4)]",300.4,-37.8053448,144.9737165,0,9.537,13.0598114
ORDK03827,2018-08-22,15:36:20,Lunch,BK,"[('Steak', 9), ('Fries', 5)]",465.0,-37.8227378,144.9851622,0,6.656,12.7655769
ORDA07666,2018-03-10,10:11:49,Breakfast,BK,"[('Cereal', 1), ('Eggs', 2), ('Pancake', 8)]",259.0,-37.8138985,144.9617555,0,7.92,15.6263451
ORDX01740,2018-09-14,16:27:02,Dinner,BK,"[('Pasta', 5), ('Salmon', 9)]",506.5,-37.824903,144.9923348,0,6.782,13.8154709
ORDB07708,2018-12-28,20:00:00,Dinner,TP,"[('Shrimp', 3), ('Pasta', 3)]",244.5,-37.8194613,144.9526561,0,8.55,12.7332332
ORDA09975,2018-02-10,09:21:07,Breakfast,BK,"[('Pancake', 8), ('Coffee', 9), ('Cereal', 4), ('Eggs', 10)]",565.5,-37.8070022,144.9656899,0,7.187,14.6933776
ORDY01242,2018-01-13,08:20:16,Breakfast,TP,"[('Eggs', 6), ('Pancake', 10)]",374.5,-37.801354,144.9463284,1,10.361,6.9970994
ORDI05429,2018-12-04,19:09:17,Dinner,NS,"[('Fish&Chips', 9), ('Salmon', 10), ('Pasta', 4)]",835.0,-37.8033334,144.9760114,0,6.839,12.6510385
ORDB06719,2018-11-15,18:28:43,Dinner,TP,"[('Pasta', 6), ('Salmon', 4), ('Shrimp', 5)]",599.0,-37.8198294,145.0144047,0,11.903,15.888588
ORDC02466,2018-08-20,15:36:20,Lunch,NS,"[('Burger', 9), ('Fries', 5), ('Salad', 3)]",390.6,-37.8014312,144.9797686,0,7.006,11.9954839
ORDC02813,2018-12-08,19:19:26,Dinner,NS,"[('Pasta', 10), ('Salmon', 10)]",685.0,-37.8093501,144.98651,0,8.242,16.3480067
ORDJ08942,2018-10-19,17:38:01,Dinner,TP,"[('Fish&Chips', 2), ('Salmon', 3), ('Shrimp', 8)]",625.0,-37.8169255,144.9654367,0,7.729,12.6021912
ORDK10777,2018-06-01,12:54:05,Lunch,BK,"[('Fries', 10), ('Chicken', 10), ('Steak', 6)]",710.0,-37.8037783,145.0052396,0,5.386,11.1782853
ORDC08646,2018-05-08,12:13:31,Lunch,NS,"[('Salad', 10), ('Fries', 6), ('Burger', 2), ('Chicken', 8)]",562.0,-37.8247028,144.9428722,0,10.643,16.3639079
ORDX04909,2018-11-29,18:59:09,Dinner,BK,"[('Salmon', 5), ('Shrimp', 7)]",583.0,-37.8149416,144.9661241,0,7.702,14.0654595
ORDY02215,2018-07-12,14:25:21,Lunch,TP,"[('Chicken', 6), ('Fries', 7), ('Steak', 9)]",681.0,-37.8174842,145.0054383,0,11.221,14.0573947
ORDZ04401,2018-02-19,09:31:16,Breakfast,NS,"[('Coffee', 2), ('Cereal', 2), ('Pancake', 3)]",129.75,-37.8086441,144.9628946,0,7.535,12.4061738
ORDZ07986,2018-04-20,11:32:57,Breakfast,NS,"[('Eggs', 10), ('Coffee', 7)]",272.5,-37.8172931,144.953262,0,8.989,14.1753483
ORDC04993,2018-06-26,13:44:47,Lunch,NS,"[('Steak', 7), ('Burger', 7), ('Fries', 4), ('Salad', 1)]",597.2,-37.82545,144.9846594,0,9.584,15.0447414
ORDB04640,2018-04-07,11:12:40,Breakfast,TP,"[('Cereal', 1), ('Pancake', 2)]",69.5,-37.8177828,144.9663077,0,7.647,17.6939523
ORDK08978,2018-11-29,18:59:09,Dinner,BK,"[('Shrimp', 7), ('Fish&Chips', 5), ('Salmon', 8), ('Pasta', 3)]",963.5,-37.8172637,145.0060773,0,4.175,10.6891867
ORDK04472,2018-01-23,08:40:33,Breakfast,BK,"[('Coffee', 9), ('Cereal', 6)]",193.5,-37.8020929,144.9795497,0,6.775,11.1744474
ORDA07251,2018-08-01,14:55:46,Lunch,BK,"[('Chicken', 5), ('Steak', 9)]",565.0,-37.812421,144.9478957,0,10.392,16.7426943
ORDZ05643,2018-04-24,11:43:05,Breakfast,NS,"[('Cereal', 2), ('Eggs', 6), ('Pancake', 6)]",319.5,-37.8187896,144.9532997,0,9.229,14.241177
ORDZ09223,2018-05-05,12:03:22,Lunch,NS,"[('Burger', 4), ('Salad', 1), ('Fries', 7)]",225.2,-37.8024286,144.9985431,0,8.804,15.9311819
ORDB08639,2018-01-21,08:40:33,Breakfast,TP,"[('Eggs', 2), ('Pancake', 10)]",286.5,-37.802952,144.9765919,0,9.823,13.4008255
ORDX09869,2018-08-30,15:56:37,Lunch,BK,"[('Chicken', 6), ('Steak', 7), ('Salad', 8), ('Fries', 3), ('Burger', 6)]",866.6,-37.8083268,144.9769377,0,6.187,11.9532942
ORDK02139,2018-09-23,16:47:19,Dinner,BK,"[('Salmon', 1), ('Pasta', 8), ('Fish&Chips', 1)]",296.0,-37.8040971,144.9954897,0,5.132,14.4911456
ORDJ10959,2018-09-11,16:16:54,Dinner,TP,"[('Fish&Chips', 4), ('Pasta', 1), ('Salmon', 7)]",454.5,-37.8094864,144.963764,0,8.666,13.0162807
ORDK07132,2018-02-07,09:10:59,Breakfast,BK,"[('Pancake', 2), ('Eggs', 9), ('Cereal', 9), ('Coffee', 5)]",473.0,-37.8095786,144.9765781,0,6.325,11.2731093
ORDK10363,2018-01-26,08:40:33,Breakfast,BK,"[('Eggs', 10), ('Cereal', 6)]",346.0,-37.7991941,144.9876825,0,6.355,11.3022206
ORDC02674,2018-04-04,11:02:32,Breakfast,NS,"[('Pancake', 7), ('Cereal', 8)]",337.75,-37.817408,144.9458239,0,9.435,14.1353154
ORDI00993,2018-05-28,12:54:05,Lunch,NS,"[('Burger', 6), ('Fries', 10), ('Chicken', 8)]",562.0,-37.8058219,144.9560126,0,7.941,13.648986
ORDI02419,2018-05-03,12:03:22,Lunch,NS,"[('Steak', 2), ('Chicken', 2), ('Burger', 6), ('Fries', 9), ('Salad', 9)]",602.8,-37.8105079,144.9637216,0,7.784,12.8293782
ORDX03119,2018-04-10,11:12:40,Breakfast,BK,"[('Coffee', 3), ('Pancake', 9)]",240.75,-37.8242376,144.9803165,0,7.402,12.1788807
ORDK04577,2018-04-28,11:53:14,Breakfast,BK,"[('Eggs', 8), ('Cereal', 8), ('Coffee', 8)]",404.0,-37.8064703,144.9630062,0,7.454,14.7344992
ORDY04906,2018-09-05,16:06:45,Dinner,TP,"[('Salmon', 9), ('Shrimp', 2), ('Pasta', 9), ('Fish&Chips', 4)]",864.5,-37.8152116,144.9275535,0,11.759,15.7701676
ORDK10779,2018-09-15,16:27:02,Dinner,BK,"[('Fish&Chips', 10), ('Shrimp', 1)]",404.0,-37.8180206,144.9648853,0,7.667,17.1792359
ORDK05060,2018-11-15,18:28:43,Dinner,BK,"[('Shrimp', 5), ('Salmon', 1)]",311.0,-37.8099203,144.9784012,0,6.163,13.1500717
ORDZ09010,2018-02-06,09:10:59,Breakfast,NS,"[('Coffee', 9), ('Pancake', 2)]",116.0,-37.8247196,144.9884504,0,9.652,14.3725256
ORDA02453,2018-04-27,11:43:05,Breakfast,BK,"[('Pancake', 7), ('Eggs', 1)]",191.75,-37.8134063,144.9649077,0,7.577,12.5939428
ORDX04854,2018-09-30,16:57:27,Dinner,BK,"[('Salmon', 8), ('Pasta', 10), ('Fish&Chips', 7), ('Shrimp', 4)]",1064.0,-37.8128556,144.9634415,0,7.67,17.2578108
ORDY02488,2018-06-24,13:44:47,Lunch,TP,"[('Burger', 6), ('Fries', 5), ('Steak', 2), ('Chicken', 10)]",656.0,-37.8059384,144.9748155,0,9.563,14.5540058
ORDY02422,2018-05-08,12:13:31,Lunch,TP,"[('Salad', 4), ('Chicken', 4), ('Burger', 10), ('Fries', 7)]",590.8,-37.8009474,144.9699731,0,9.908,13.2297698
ORDI01830,2018-05-24,12:43:56,Lunch,NS,"[('Steak', 10), ('Chicken', 8)]",706.0,-37.8221479,144.979055,0,8.982,13.9886665
ORDJ06583,2018-05-26,12:43:56,Lunch,TP,"[('Burger', 4), ('Steak', 2)]",214.0,-37.8090833,145.0116283,0,12.29,17.1964993
ORDA08938,2018-03-24,10:42:15,Breakfast,BK,"[('Eggs', 4), ('Cereal', 8), ('Coffee', 6), ('Pancake', 3)]",373.75,-37.8188549,144.9818575,0,6.51,13.9557374
ORDJ05231,2018-06-19,13:34:38,Lunch,TP,"[('Fries', 3), ('Salad', 8), ('Burger', 6)]",359.6,-37.8248651,145.007333,0,11.041,13.6912885
ORDA03880,2018-09-15,16:27:02,Dinner,BK,"[('Shrimp', 4), ('Salmon', 4), ('Pasta', 2), ('Fish&Chips', 2)]",505.0,-37.8148583,144.9360023,0,10.122,19.6691121
ORDA02714,2018-07-28,14:55:46,Lunch,BK,"[('Burger', 1), ('Salad', 8), ('Chicken', 2)]",232.6,-37.8159014,144.9612113,0,7.987,16.2102759
ORDZ03868,2018-10-22,17:48:10,Dinner,NS,"[('Shrimp', 2), ('Fish&Chips', 2), ('Salmon', 3)]",301.0,-37.8207529,144.9669809,0,8.831,14.6972151
ORDB04506,2018-05-05,12:03:22,Lunch,TP,"[('Fries', 7), ('Steak', 4)]",264.0,-37.8018847,145.0019502,0,11.91,8.1964799
ORDI09383,2018-07-04,14:05:04,Lunch,NS,"[('Chicken', 6), ('Fries', 3)]",228.0,-37.8122757,144.9447004,0,9.154,14.6665801
ORDJ02069,2018-08-10,15:16:03,Lunch,TP,"[('Burger', 3), ('Chicken', 3)]",189.0,-37.7991671,144.9634291,0,9.921,12.8549828
ORDJ04492,2018-08-19,15:36:20,Lunch,TP,"[('Chicken', 1), ('Steak', 2), ('Fries', 2), ('Salad', 2), ('Burger', 9)]",459.4,-37.8025582,144.9930549,0,11.124,16.0204516
ORDX02973,2018-08-17,15:36:20,Lunch,BK,"[('Salad', 7), ('Fries', 3), ('Burger', 3), ('Steak', 7), ('Chicken', 10)]",884.4,-37.8154168,144.955181,0,8.421,14.0902588
ORDK05217,2018-08-27,15:56:37,Lunch,BK,"[('Fries', 5), ('Steak', 4)]",240.0,-37.8169424,144.9532084,0,8.667,14.0871783
ORDA08279,2018-02-27,09:51:32,Breakfast,BK,"[('Coffee', 10), ('Eggs', 10), ('Cereal', 3), ('Pancake', 7)]",527.75,-37.8225751,144.9671826,0,8.065,13.1523562
ORDC07469,2018-04-25,11:43:05,Breakfast,NS,"[('Pancake', 3), ('Eggs', 10)]",292.75,-37.8189426,144.9525861,0,9.294,14.148412
ORDZ07667,2018-04-09,11:12:40,Breakfast,NS,"[('Coffee', 7), ('Cereal', 3)]",115.5,-37.8022925,144.9423995,0,8.884,14.1525109
ORDI01840,2018-01-01,08:00:00,Breakfast,NS,"[('Coffee', 5), ('Cereal', 5), ('Eggs', 7), ('Pancake', 7)]",466.25,-37.8070943,144.9559785,1,8.151,5.9110032
ORDC02477,2018-08-10,15:16:03,Lunch,NS,"[('Burger', 1), ('Salad', 5), ('Steak', 8)]",477.0,-37.7990947,144.9632954,0,6.925,11.9286248
ORDI00112,2018-06-15,13:24:30,Lunch,NS,"[('Fries', 7), ('Salad', 10)]",256.0,-37.7983009,144.9442044,0,8.857,14.4899603
ORDI00219,2018-08-28,15:56:37,Lunch,NS,"[('Burger', 10), ('Fries', 2), ('Salad', 10), ('Steak', 7)]",821.0,-37.8142003,144.96317,0,8.076,13.7604684
ORDC05291,2018-01-26,08:50:42,Breakfast,NS,"[('Cereal', 3), ('Pancake', 9), ('Eggs', 5), ('Coffee', 3)]",413.75,-37.8101691,144.9365608,0,9.971,15.1877927
ORDB02186,2018-04-19,11:32:57,Breakfast,TP,"[('Cereal', 9), ('Pancake', 10), ('Eggs', 1)]",453.5,-37.8152621,144.9751487,0,8.464,11.2577577
ORDZ06633,2018-11-22,18:49:00,Dinner,NS,"[('Salmon', 2), ('Pasta', 8), ('Shrimp', 1)]",356.0,-37.8213479,144.9490925,0,9.786,15.1996777
ORDC11075,2018-11-04,18:08:27,Dinner,NS,"[('Pasta', 7), ('Shrimp', 7), ('Fish&Chips', 7)]",815.5,-37.8037021,145.0047915,0,9.39,18.1421507
ORDJ04170,2018-11-27,18:59:09,Dinner,TP,"[('Salmon', 2), ('Pasta', 9)]",329.5,-37.8251917,144.9668485,0,8.006,12.3561181
ORDA06258,2018-11-11,18:28:43,Dinner,BK,"[('Fish&Chips', 5), ('Salmon', 7), ('Pasta', 5), ('Shrimp', 9)]",1085.5,-37.803356,144.9618828,0,7.812,17.20693
ORDX08013,2018-06-25,13:44:47,Lunch,BK,"[('Salad', 8), ('Steak', 8), ('Burger', 5)]",652.6,-37.8242064,144.9840935,0,6.91,12.4085912
ORDX02602,2018-05-26,12:43:56,Lunch,BK,"[('Burger', 8), ('Chicken', 6), ('Salad', 1), ('Steak', 10), ('Fries', 9)]",1015.2,-37.8083298,144.9764632,0,6.237,14.8710755
ORDX01825,2018-09-16,16:37:10,Dinner,BK,"[('Salmon', 10), ('Shrimp', 2), ('Pasta', 5)]",655.5,-37.813581,144.9408645,0,9.62,19.1270225
ORDJ06557,2018-11-20,18:38:52,Dinner,TP,"[('Shrimp', 3), ('Fish&Chips', 2), ('Pasta', 10)]",507.0,-37.8240225,144.990136,0,9.464,6.53718055
ORDY09372,2018-10-03,17:07:36,Dinner,TP,"[('Pasta', 1), ('Fish&Chips', 4)]",167.5,-37.8024904,144.9634374,0,9.485,13.7273528
ORDA09662,2018-06-06,13:04:13,Lunch,BK,"[('Burger', 3), ('Salad', 2), ('Steak', 3)]",262.4,-37.8032852,144.9491709,0,8.916,14.9065036
ORDJ04710,2018-06-02,13:04:13,Lunch,TP,"[('Chicken', 3), ('Steak', 10)]",546.0,-37.8116287,145.0115724,0,12.045,16.5450987
ORDY02344,2018-12-22,19:49:51,Dinner,TP,"[('Shrimp', 6), ('Fish&Chips', 7), ('Salmon', 5), ('Pasta', 1)]",801.5,-37.8087665,144.9580376,0,8.935,14.1554895
ORDA11066,2018-02-24,09:41:24,Breakfast,BK,"[('Coffee', 6), ('Eggs', 8), ('Pancake', 8)]",415.0,-37.799875,144.9459571,0,9.263,16.962984
ORDK05242,2018-03-16,10:21:58,Breakfast,BK,"[('Pancake', 7), ('Coffee', 1), ('Eggs', 7), ('Cereal', 8)]",499.25,-37.8014507,144.9576509,0,8.359,12.9624331
ORDI10062,2018-12-26,19:49:51,Dinner,NS,"[('Salmon', 5), ('Shrimp', 1), ('Fish&Chips', 2), ('Pasta', 10)]",604.0,-37.8114574,144.999985,0,9.622,15.3391086
ORDZ02203,2018-09-26,16:57:27,Dinner,NS,"[('Pasta', 8), ('Fish&Chips', 8), ('Salmon', 4)]",664.0,-37.8163238,145.0142347,0,11.644,17.3702247
ORDX04980,2018-03-09,10:11:49,Breakfast,BK,"[('Eggs', 4), ('Cereal', 4), ('Pancake', 7), ('Coffee', 10)]",416.75,-37.8220888,144.96947,0,7.925,12.4307847
ORDJ02389,2018-12-23,19:49:51,Dinner,TP,"[('Salmon', 10), ('Fish&Chips', 4)]",550.0,-37.8184062,144.9485331,0,9.022,14.641524
ORDZ02445,2018-10-18,17:38:01,Dinner,NS,"[('Salmon', 7), ('Fish&Chips', 2)]",357.0,-37.8015701,144.9518362,0,7.906,13.8977909
ORDY10480,2018-02-12,09:21:07,Breakfast,TP,"[('Coffee', 7), ('Pancake', 8)]",246.5,-37.827091,144.9749192,0,8.683,11.1968496
ORDC04072,2018-01-12,08:20:16,Breakfast,NS,"[('Coffee', 5), ('Cereal', 10)]",247.5,-37.79457,144.9358023,1,7.272,5.7469776
ORDB10199,2018-10-28,17:58:18,Dinner,TP,"[('Shrimp', 10), ('Fish&Chips', 2), ('Salmon', 2)]",692.0,-37.8088665,144.9488609,0,9.688,15.7178995
ORDY06396,2018-05-09,12:13:31,Lunch,TP,"[('Chicken', 1), ('Steak', 3)]",167.0,-37.8004482,144.9639417,0,9.699,12.8217535
ORDC05008,2018-08-12,15:26:11,Lunch,NS,"[('Chicken', 10), ('Steak', 6)]",590.0,-37.8117771,145.0104504,0,10.529,17.8732173
ORDK09013,2018-08-03,15:05:54,Lunch,BK,"[('Salad', 5), ('Burger', 1), ('Chicken', 3), ('Fries', 1), ('Steak', 10)]",675.0,-37.8144877,144.9880973,0,5.565,11.5336612
ORDY08837,2018-07-12,14:15:12,Lunch,TP,"[('Burger', 7), ('Steak', 6)]",487.0,-37.8079972,144.9687948,0,9.107,12.5971402
ORDJ02336,2018-11-29,18:59:09,Dinner,TP,"[('Shrimp', 4), ('Pasta', 5)]",353.5,-37.8048342,144.9669201,0,9.39,13.2512146
ORDY01116,2018-10-23,17:48:10,Dinner,TP,"[('Fish&Chips', 8), ('Pasta', 2)]",335.0,-37.807198,144.9487152,0,9.685,13.6058362
ORDA09165,2018-10-20,17:38:01,Dinner,BK,"[('Fish&Chips', 10), ('Pasta', 2)]",405.0,-37.8232907,144.9699533,0,7.976,17.2321317
ORDB01448,2018-05-23,12:43:56,Lunch,TP,"[('Fries', 8), ('Burger', 9), ('Chicken', 1)]",407.0,-37.8184546,144.9904617,0,9.829,13.1742694
ORDJ09420,2018-10-27,17:58:18,Dinner,TP,"[('Shrimp', 6), ('Salmon', 4), ('Fish&Chips', 10)]",838.0,-37.8173128,144.9641189,0,7.688,14.0058016
ORDC04290,2018-04-07,11:12:40,Breakfast,NS,"[('Eggs', 1), ('Pancake', 9), ('Coffee', 2), ('Cereal', 9)]",444.25,-37.8177828,144.9663077,0,8.417,15.8391914
ORDI01920,2018-08-07,15:16:03,Lunch,NS,"[('Chicken', 5), ('Steak', 3)]",295.0,-37.8027573,144.9468318,0,8.503,13.7846804
ORDK11071,2018-08-25,15:46:28,Lunch,BK,"[('Salad', 8), ('Burger', 1)]",168.6,-37.8052183,144.9757292,0,6.618,15.3389567
ORDC06734,2018-01-22,08:40:33,Breakfast,NS,"[('Coffee', 7), ('Eggs', 5), ('Cereal', 6)]",288.5,-37.8027963,144.9749412,0,6.699,11.7967007
ORDI04663,2018-06-08,13:14:21,Lunch,NS,"[('Fries', 4), ('Steak', 6), ('Chicken', 8)]",574.0,-37.8047977,144.9488389,0,8.51,13.9906652
ORDZ01448,2018-08-24,15:46:28,Lunch,NS,"[('Steak', 7), ('Burger', 4), ('Fries', 1), ('Chicken', 9)]",739.0,-37.8051664,144.9370566,0,9.669,15.5287112
ORDY10885,2018-07-23,14:45:38,Lunch,TP,"[('Steak', 5), ('Salad', 5), ('Fries', 5), ('Burger', 10)]",681.0,-37.8240632,145.0121007,0,11.59,14.706396
ORDZ01579,2018-06-10,13:14:21,Lunch,NS,"[('Fries', 4), ('Chicken', 7), ('Salad', 10), ('Steak', 9)]",849.0,-37.82305,144.95599,0,9.667,17.2354138
ORDZ03825,2018-02-10,09:21:07,Breakfast,NS,"[('Coffee', 7), ('Pancake', 6)]",198.0,-37.8070359,144.9660046,0,7.076,14.0505096
ORDA03836,2018-02-15,09:31:16,Breakfast,BK,"[('Cereal', 2), ('Pancake', 10), ('Coffee', 10)]",359.5,-37.8082869,144.9836428,0,5.773,10.3067983
ORDA06075,2018-03-11,10:11:49,Breakfast,BK,"[('Pancake', 5), ('Coffee', 6), ('Cereal', 4)]",250.25,-37.8190709,144.9792016,0,7.27,14.7752284
ORDK07111,2018-06-15,13:24:30,Lunch,BK,"[('Fries', 7), ('Burger', 2), ('Salad', 1), ('Steak', 9)]",568.2,-37.8135027,144.9656729,0,7.488,13.6216884
ORDA03946,2018-11-06,18:18:35,Dinner,BK,"[('Fish&Chips', 6), ('Shrimp', 3)]",372.0,-37.814937,144.96334,0,7.803,14.8467018
ORDZ02009,2018-11-15,18:28:43,Dinner,NS,"[('Pasta', 7), ('Salmon', 4)]",356.5,-37.8069736,144.9644056,0,7.221,12.8300258
ORDB04158,2018-09-17,16:37:10,Dinner,TP,"[('Salmon', 6), ('Fish&Chips', 8)]",526.0,-37.8135002,144.965631,0,8.206,12.5379277
ORDC04415,2018-09-23,16:47:19,Dinner,NS,"[('Pasta', 4), ('Fish&Chips', 6), ('Shrimp', 8), ('Salmon', 7)]",1039.0,-37.808963,144.9489466,0,8.851,16.8654203
ORDY05941,2018-03-18,10:32:06,Breakfast,TP,"[('Eggs', 3), ('Cereal', 6)]",192.0,-37.8089992,144.972109,0,9.15,13.2818299
ORDX02124,2018-01-13,08:20:16,Breakfast,BK,"[('Cereal', 5), ('Coffee', 9)]",172.5,-37.801354,144.9463284,1,9.183,8.6068346
ORDB00023,2018-07-07,14:05:04,Lunch,TP,"[('Salad', 2), ('Steak', 5)]",259.4,-37.8178063,144.9660039,0,7.629,12.1123125
ORDX07875,2018-01-29,08:50:42,Breakfast,BK,"[('Cereal', 7), ('Pancake', 2), ('Coffee', 3)]",218.0,-37.8073598,144.9673572,0,7.039,11.9899677
ORDX01102,2018-10-13,17:27:53,Dinner,BK,"[('Salmon', 3), ('Pasta', 7)]",315.5,-37.8207232,144.9574815,0,8.481,18.4033672
ORDA04702,2018-09-19,16:37:10,Dinner,BK,"[('Salmon', 2), ('Fish&Chips', 3)]",187.0,-37.8155691,145.001408,0,4.456,11.673996
ORDY03015,2018-02-25,09:41:24,Breakfast,TP,"[('Pancake', 8), ('Coffee', 3)]",216.5,-37.8126526,144.9607696,0,8.377,12.4478021
ORDB05255,2018-09-27,16:57:27,Dinner,TP,"[('Shrimp', 5), ('Pasta', 3), ('Fish&Chips', 6), ('Salmon', 2)]",644.5,-37.7995333,144.9531717,0,10.04,14.1670489
ORDJ03947,2018-09-10,16:16:54,Dinner,TP,"[('Shrimp', 7), ('Fish&Chips', 6)]",588.0,-37.8161813,144.9640438,0,7.787,12.5472556
ORDX05874,2018-12-01,18:59:09,Dinner,BK,"[('Salmon', 6), ('Shrimp', 9)]",732.0,-37.8156495,144.9639803,0,7.78,17.3404998
ORDB10473,2018-04-02,11:02:32,Breakfast,TP,"[('Eggs', 2), ('Cereal', 4), ('Pancake', 1)]",152.25,-37.8152875,144.9522542,0,8.836,16.9145268
ORDC10028,2018-07-13,14:25:21,Lunch,NS,"[('Steak', 9), ('Burger', 5), ('Fries', 10), ('Chicken', 3)]",776.0,-37.8165198,145.0049966,0,10.39,15.8707123
ORDB02678,2018-05-27,12:43:56,Lunch,TP,"[('Fries', 10), ('Chicken', 9), ('Steak', 2)]",498.0,-37.8149226,144.9912628,0,10.053,14.6935697
ORDY04716,2018-04-01,10:52:23,Breakfast,TP,"[('Cereal', 3), ('Pancake', 9), ('Coffee', 6), ('Eggs', 7)]",480.25,-37.8176406,144.9702186,0,7.874,12.1526238
ORDK01598,2018-01-07,08:10:08,Breakfast,BK,"[('Coffee', 8), ('Cereal', 1), ('Eggs', 7), ('Pancake', 2)]",283.5,-37.8125054,144.9375284,1,10.238,8.6384467
ORDY01618,2018-03-19,10:32:06,Breakfast,TP,"[('Coffee', 6), ('Pancake', 4), ('Cereal', 5), ('Eggs', 10)]",467.0,-37.8153034,144.9519421,0,8.871,5.68408165
ORDI10307,2018-02-10,09:21:07,Breakfast,NS,"[('Pancake', 8), ('Eggs', 10), ('Coffee', 9)]",481.5,-37.8108465,144.9673634,0,7.403,14.5705971
ORDJ07415,2018-04-02,10:52:23,Breakfast,TP,"[('Eggs', 7), ('Pancake', 10)]",396.5,-37.8188878,144.9538868,0,8.452,10.8688747
ORDB09833,2018-04-13,11:22:49,Breakfast,TP,"[('Eggs', 2), ('Cereal', 4)]",128.0,-37.8259354,145.0071481,0,11.162,13.6144278
ORDZ04221,2018-06-15,13:24:30,Lunch,NS,"[('Burger', 5), ('Salad', 3)]",206.6,-37.8218441,145.0153367,0,11.688,17.2530948
ORDY10213,2018-03-13,10:21:58,Breakfast,TP,"[('Coffee', 1), ('Cereal', 9), ('Pancake', 10)]",439.0,-37.8251142,144.9819481,0,8.949,11.5993838
ORDI07727,2018-06-03,13:04:13,Lunch,NS,"[('Salad', 1), ('Chicken', 9)]",305.2,-37.8018589,144.9927696,0,8.307,16.0102437
ORDB02877,2018-04-17,11:22:49,Breakfast,TP,"[('Eggs', 2), ('Coffee', 2), ('Cereal', 4), ('Pancake', 10)]",385.5,-37.812698,144.9612736,0,8.33,10.7149242
ORDJ07881,2018-04-20,11:32:57,Breakfast,TP,"[('Coffee', 4), ('Pancake', 6), ('Eggs', 3)]",241.5,-37.8369082,144.894564,0,19.9,20.9163649
ORDZ02110,2018-09-04,16:06:45,Dinner,NS,"[('Salmon', 5), ('Shrimp', 6), ('Fish&Chips', 10), ('Pasta', 8)]",1099.0,-37.8006955,144.9508793,0,8.045,13.9888959
ORDA03294,2018-11-25,18:49:00,Dinner,BK,"[('Salmon', 6), ('Pasta', 4), ('Shrimp', 8), ('Fish&Chips', 6)]",998.0,-37.8200044,144.9813425,0,6.664,15.9467931
ORDJ04557,2018-12-01,19:09:17,Dinner,TP,"[('Fish&Chips', 1), ('Salmon', 10)]",445.0,-37.81506,144.9392759,0,10.237,16.0530315
ORDX08204,2018-12-07,19:19:26,Dinner,BK,"[('Pasta', 4), ('Fish&Chips', 4), ('Salmon', 1), ('Shrimp', 3)]",453.0,-37.8183904,144.9662769,0,7.631,14.119959
ORDZ02534,2018-07-04,14:05:04,Lunch,NS,"[('Chicken', 7), ('Burger', 3)]",317.0,-37.8214441,144.9635867,0,9.039,14.774237
ORDA05277,2018-12-22,19:49:51,Dinner,BK,"[('Shrimp', 5), ('Fish&Chips', 8)]",550.0,-37.8074114,144.9671342,0,7.06,16.1374792
ORDA02079,2018-05-07,12:03:22,Lunch,BK,"[('Burger', 3), ('Salad', 10), ('Steak', 4), ('Chicken', 9), ('Fries', 6)]",805.0,-37.8016497,144.9874269,0,6.033,11.8883131
ORDB10044,2018-09-07,16:16:54,Dinner,TP,"[('Pasta', 8), ('Fish&Chips', 5), ('Salmon', 5)]",600.0,-37.8036633,144.9626737,0,9.373,13.4726901
ORDK10278,2018-01-05,08:00:00,Breakfast,BK,"[('Eggs', 10), ('Coffee', 8), ('Cereal', 5), ('Pancake', 3)]",457.75,-37.8135412,144.9426636,1,9.562,7.2640011
ORDJ03036,2018-07-16,14:25:21,Lunch,TP,"[('Salad', 8), ('Steak', 10), ('Fries', 8), ('Burger', 4)]",807.6,-37.8142605,144.943144,0,9.822,13.0495
ORDA10684,2018-08-28,15:56:37,Lunch,BK,"[('Fries', 9), ('Burger', 4), ('Chicken', 4), ('Steak', 8), ('Salad', 7)]",840.4,-37.8016989,144.9790637,0,6.764,18.09905895
ORDX05241,2018-05-26,12:43:56,Lunch,BK,"[('Fries', 5), ('Chicken', 1)]",92.0,-37.8006905,145.0096988,0,4.62,12.6766538
ORDX08587,2018-10-31,17:58:18,Dinner,BK,"[('Pasta', 7), ('Fish&Chips', 1)]",227.5,-37.81549,144.9964523,0,4.841,11.7663321
ORDA01432,2018-09-01,15:56:37,Lunch,BK,"[('Chicken', 4), ('Steak', 9)]",533.0,-37.8167184,144.9542903,0,8.568,16.7305987
ORDC05098,2018-03-16,10:21:58,Breakfast,NS,"[('Pancake', 10), ('Cereal', 3), ('Eggs', 3)]",371.5,-37.8120571,144.9882183,0,8.644,13.6187299
ORDJ10349,2018-01-19,08:30:25,Breakfast,TP,"[('Cereal', 9), ('Eggs', 8)]",365.0,-37.8226111,144.9778791,0,8.33,10.8993103
ORDX09517,2018-08-27,15:56:37,Lunch,BK,"[('Salad', 5), ('Chicken', 3), ('Fries', 3), ('Burger', 10), ('Steak', 6)]",798.0,-37.8208423,144.9549685,0,8.6,14.7726955
ORDX03964,2018-03-04,10:01:41,Breakfast,BK,"[('Cereal', 9), ('Pancake', 9)]",407.25,-37.803975,144.9678074,0,7.297,14.7635376
ORDK06671,2018-07-11,14:15:12,Lunch,BK,"[('Fries', 3), ('Steak', 3), ('Burger', 6), ('Salad', 6)]",460.2,-37.8058003,144.9430641,0,9.331,15.4858737
ORDJ01917,2018-12-20,19:39:43,Dinner,TP,"[('Pasta', 7), ('Salmon', 10), ('Fish&Chips', 10), ('Shrimp', 7)]",1330.5,-37.8129675,144.9336625,0,11.367,15.4278548
ORDJ09486,2018-01-14,08:20:16,Breakfast,TP,"[('Cereal', 7), ('Coffee', 2)]",162.0,-37.8189405,144.9885743,1,9.51,6.5930962
ORDI02995,2018-04-11,11:12:40,Breakfast,NS,"[('Pancake', 2), ('Cereal', 1)]",69.5,-37.8160012,144.9696706,0,8.008,12.9949305
ORDK00820,2018-03-08,10:11:49,Breakfast,BK,"[('Pancake', 1), ('Cereal', 1), ('Coffee', 1)]",52.75,-37.8187829,144.9838141,0,6.377,11.2415546
ORDX10792,2018-10-13,17:27:53,Dinner,BK,"[('Fish&Chips', 6), ('Pasta', 8), ('Salmon', 5)]",635.0,-37.8203966,144.9576584,0,8.351,17.2538116
ORDY10122,2018-09-19,16:37:10,Dinner,TP,"[('Shrimp', 3), ('Salmon', 4), ('Pasta', 2), ('Fish&Chips', 3)]",486.0,-37.8255941,144.9777921,0,8.518,12.6854601
ORDB07955,2018-10-20,17:38:01,Dinner,TP,"[('Shrimp', 10), ('Pasta', 3)]",622.5,-37.8220887,144.9695476,0,7.841,13.3727053
ORDK10638,2018-04-06,11:02:32,Breakfast,BK,"[('Eggs', 2), ('Pancake', 7), ('Coffee', 9), ('Cereal', 3)]",344.25,-37.8117884,144.984438,0,5.685,10.6016098
ORDY08249,2018-06-15,13:24:30,Lunch,TP,"[('Fries', 2), ('Salad', 9), ('Chicken', 10)]",498.8,-37.8103197,144.9983089,0,10.89,14.5391216
ORDI02462,2018-02-28,09:51:32,Breakfast,NS,"[('Pancake', 9), ('Coffee', 7), ('Cereal', 10), ('Eggs', 2)]",524.75,-37.8117477,145.0004545,0,9.619,14.9938087
ORDJ09865,2018-11-23,18:49:00,Dinner,TP,"[('Fish&Chips', 6), ('Shrimp', 5), ('Salmon', 7)]",767.0,-37.8168514,144.9900071,0,9.758,13.7486442
ORDJ06489,2018-04-06,11:02:32,Breakfast,TP,"[('Coffee', 4), ('Cereal', 4), ('Eggs', 2)]",158.0,-37.8179188,144.9511826,0,8.81,11.4289696
ORDX02253,2018-08-16,15:26:11,Lunch,BK,"[('Salad', 7), ('Chicken', 3), ('Steak', 2)]",306.4,-37.809778,144.9912419,0,4.912,10.7673221
ORDC07935,2018-10-17,17:38:01,Dinner,NS,"[('Shrimp', 6), ('Fish&Chips', 1)]",359.0,-37.8029757,144.9515461,0,8.124,14.2043783
ORDX07629,2018-07-19,14:35:29,Lunch,BK,"[('Salad', 4), ('Steak', 7), ('Burger', 3)]",476.8,-37.7994977,144.9786814,0,6.973,12.3968877
ORDC07627,2018-03-10,10:11:49,Breakfast,NS,"[('Eggs', 6), ('Pancake', 7), ('Coffee', 9)]",369.25,-37.816727,144.9642958,0,8.338,15.4965425
ORDJ01809,2018-01-28,08:50:42,Breakfast,TP,"[('Eggs', 2), ('Pancake', 10)]",286.5,-37.8105543,144.9382144,0,10.333,14.1106987
ORDJ09007,2018-08-30,15:56:37,Lunch,TP,"[('Steak', 10), ('Burger', 3), ('Salad', 6), ('Chicken', 10)]",966.2,-37.8227036,144.9640081,0,7.531,10.9803166
ORDC09583,2018-10-21,17:38:01,Dinner,NS,"[('Pasta', 9), ('Salmon', 10), ('Shrimp', 4)]",873.5,-37.8072243,144.9924968,0,8.489,17.3125814
ORDA09163,2018-06-13,13:24:30,Lunch,BK,"[('Fries', 4), ('Burger', 7)]",265.0,-37.8116575,144.9482588,0,8.89,14.9094811
ORDY02019,2018-10-11,17:17:44,Dinner,TP,"[('Salmon', 6), ('Shrimp', 7), ('Fish&Chips', 6), ('Pasta', 1)]",861.5,-37.8122054,144.9533103,0,8.978,13.3024849
ORDC08172,2018-03-08,10:11:49,Breakfast,NS,"[('Eggs', 4), ('Pancake', 1), ('Cereal', 10)]",322.25,-37.8186844,144.9838021,0,8.991,14.1575155
ORDA08707,2018-07-28,14:55:46,Lunch,BK,"[('Chicken', 6), ('Burger', 6)]",378.0,-37.8159014,144.9612113,0,7.987,16.1270351
ORDZ06174,2018-04-07,11:12:40,Breakfast,NS,"[('Pancake', 8), ('Coffee', 5), ('Eggs', 9), ('Cereal', 9)]",618.5,-37.8173474,145.008734,0,10.784,18.1691402
ORDY08593,2018-01-25,08:40:33,Breakfast,TP,"[('Cereal', 2), ('Coffee', 9), ('Eggs', 1)]",131.5,-37.8113038,144.961734,0,8.375,10.7032797
ORDY10302,2018-04-30,11:53:14,Breakfast,TP,"[('Eggs', 8), ('Coffee', 1), ('Pancake', 8)]",377.5,-37.8189997,144.9526099,0,8.591,11.2411259
ORDA04669,2018-06-26,13:44:47,Lunch,BK,"[('Fries', 9), ('Salad', 5), ('Steak', 6)]",464.0,-37.825772,144.9844382,0,6.906,12.6301874
ORDJ09603,2018-11-26,18:59:09,Dinner,TP,"[('Fish&Chips', 8), ('Salmon', 5)]",485.0,-37.8228607,144.9665714,0,7.747,12.7118738
ORDZ09762,2018-05-25,12:43:56,Lunch,NS,"[('Burger', 1), ('Salad', 2), ('Fries', 10), ('Steak', 9), ('Chicken', 10)]",910.4,-37.8000698,144.9953249,0,8.547,13.6238557
ORDJ10789,2018-12-05,19:09:17,Dinner,TP,"[('Shrimp', 6), ('Salmon', 6)]",570.0,-37.8243231,144.9480425,0,8.895,12.9956307
ORDZ01224,2018-09-18,16:37:10,Dinner,NS,"[('Shrimp', 8), ('Fish&Chips', 3), ('Pasta', 1)]",564.5,-37.8152822,145.0029326,0,10.21,16.2996623
ORDC02617,2018-09-22,16:47:19,Dinner,NS,"[('Pasta', 4), ('Salmon', 2), ('Shrimp', 6), ('Fish&Chips', 10)]",866.0,-37.8002739,144.9362757,0,9.342,17.0089662
ORDC01179,2018-07-12,14:25:21,Lunch,NS,"[('Fries', 9), ('Chicken', 10)]",428.0,-37.8218259,144.9516054,0,9.666,14.8435396
ORDZ00312,2018-04-02,11:02:32,Breakfast,NS,"[('Coffee', 5), ('Cereal', 6)]",163.5,-37.8029687,144.9381927,0,9.74,15.0198112
ORDJ08660,2018-03-04,10:01:41,Breakfast,TP,"[('Coffee', 8), ('Cereal', 5), ('Eggs', 8), ('Pancake', 10)]",583.5,-37.8019515,144.9683576,0,9.749,14.2769774
ORDZ06854,2018-08-09,15:16:03,Lunch,NS,"[('Salad', 6), ('Burger', 5), ('Steak', 10), ('Chicken', 3)]",804.2,-37.8047395,144.9652608,0,6.95,12.6389141
ORDA01866,2018-05-22,12:33:48,Lunch,BK,"[('Fries', 8), ('Salad', 3)]",147.6,-37.8028494,144.9249208,0,13.088,19.8182579
ORDK07703,2018-06-26,13:44:47,Lunch,BK,"[('Burger', 7), ('Steak', 3), ('Chicken', 7)]",576.0,-37.8221048,144.9567341,0,8.557,14.7614729
ORDX04535,2018-10-14,17:27:53,Dinner,BK,"[('Fish&Chips', 3), ('Salmon', 6), ('Shrimp', 3)]",513.0,-37.8118847,144.9996558,0,4.256,13.9391973
ORDC08820,2018-03-26,10:42:15,Breakfast,NS,"[('Coffee', 7), ('Cereal', 8), ('Pancake', 2)]",269.0,-37.8055339,144.9736387,0,6.826,11.7023703
ORDB02376,2018-06-26,13:44:47,Lunch,TP,"[('Steak', 4), ('Fries', 9), ('Salad', 10), ('Burger', 10), ('Chicken', 6)]",962.0,-37.8256025,144.9845723,0,8.955,12.6711338
ORDC00805,2018-08-05,15:05:54,Lunch,NS,"[('Steak', 10), ('Fries', 9), ('Chicken', 5), ('Salad', 9), ('Burger', 1)]",903.8,-37.8112451,144.9686679,0,7.435,15.1273387
ORDJ10212,2018-03-04,10:01:41,Breakfast,TP,"[('Pancake', 7), ('Cereal', 4)]",253.75,-37.8244237,144.9365901,0,9.914,14.0934362
ORDX01786,2018-06-13,13:24:30,Lunch,BK,"[('Steak', 5), ('Fries', 10), ('Burger', 5)]",500.0,-37.8102268,144.9708867,0,6.922,12.4354974
ORDZ02438,2018-10-14,17:27:53,Dinner,NS,"[('Pasta', 2), ('Salmon', 9), ('Fish&Chips', 1)]",459.0,-37.8010135,144.9887015,0,7.891,15.8939185
ORDK06958,2018-11-21,18:49:00,Dinner,BK,"[('Pasta', 2), ('Fish&Chips', 9), ('Salmon', 1)]",411.0,-37.8030387,144.9297269,0,10.545,17.3910089
ORDC03060,2018-08-04,15:05:54,Lunch,NS,"[('Fries', 5), ('Burger', 6)]",246.0,-37.8033922,144.9499865,0,8.355,16.4428968
ORDJ08356,2018-03-25,10:42:15,Breakfast,TP,"[('Pancake', 10), ('Eggs', 10)]",462.5,-37.8012314,144.9741342,0,10.002,13.6772868
ORDI06590,2018-05-01,11:53:14,Breakfast,NS,"[('Coffee', 4), ('Cereal', 1)]",51.0,-37.8027259,145.0052034,0,9.679,14.4996372
ORDI03487,2018-09-16,16:27:02,Dinner,NS,"[('Pasta', 4), ('Salmon', 8), ('Shrimp', 3)]",600.0,-37.8165259,144.955695,0,8.759,16.9056489
ORDX00935,2018-10-10,17:17:44,Dinner,BK,"[('Pasta', 1), ('Salmon', 3)]",150.5,-37.8122377,144.9535131,0,8.499,15.3626069
ORDB02497,2018-03-10,10:11:49,Breakfast,TP,"[('Pancake', 1), ('Cereal', 10)]",234.25,-37.8269597,145.0130547,0,11.411,14.9138756
ORDX02125,2018-11-29,18:59:09,Dinner,BK,"[('Fish&Chips', 9), ('Pasta', 10)]",590.0,-37.8149921,145.0060267,0,3.954,10.9315341
ORDB02500,2018-08-02,15:05:54,Lunch,TP,"[('Chicken', 1), ('Fries', 5), ('Salad', 6), ('Steak', 5), ('Burger', 4)]",544.2,-37.8114554,144.9911237,0,10.171,13.0353811
ORDA08288,2018-05-23,12:43:56,Lunch,BK,"[('Chicken', 3), ('Burger', 8), ('Salad', 4), ('Steak', 4), ('Fries', 8)]",688.8,-37.8191319,144.9773398,0,7.115,14.1911791
ORDA05854,2018-12-01,19:09:17,Dinner,BK,"[('Fish&Chips', 4), ('Pasta', 9), ('Shrimp', 7), ('Salmon', 8)]",1093.5,-37.8214948,144.9579391,0,8.466,18.1812862
ORDY02904,2018-02-18,09:31:16,Breakfast,TP,"[('Coffee', 2), ('Cereal', 5), ('Eggs', 8), ('Pancake', 1)]",320.25,-37.8064485,144.9447076,0,10.065,14.1738611
ORDC10929,2018-03-28,10:52:23,Breakfast,NS,"[('Coffee', 6), ('Eggs', 5), ('Cereal', 6), ('Pancake', 10)]",523.5,-37.7988988,144.9541939,0,7.602,12.5846991
ORDY04313,2018-09-27,16:57:27,Dinner,TP,"[('Shrimp', 7), ('Salmon', 4)]",542.0,-37.7998181,144.9528048,0,10.073,21.030348
ORDB00103,2018-04-18,11:32:57,Breakfast,TP,"[('Eggs', 6), ('Cereal', 8)]",300.0,-37.7996159,144.9636541,0,9.84,11.7615142
ORDB01155,2018-06-21,13:34:38,Lunch,TP,"[('Fries', 8), ('Steak', 1), ('Salad', 4), ('Chicken', 2)]",273.8,-37.8045893,144.944626,0,10.076,13.4681148
ORDX04834,2018-11-25,18:49:00,Dinner,BK,"[('Shrimp', 10), ('Pasta', 4), ('Fish&Chips', 6), ('Salmon', 10)]",1270.0,-37.8060922,144.9584327,0,7.842,17.2803356
ORDX00672,2018-07-10,14:15:12,Lunch,BK,"[('Fries', 6), ('Steak', 10)]",522.0,-37.8245184,144.9829277,0,7.051,13.2262675
ORDA10179,2018-11-29,18:59:09,Dinner,BK,"[('Salmon', 9), ('Shrimp', 8), ('Pasta', 3)]",883.5,-37.8131367,145.014217,0,3.758,9.6210034
ORDC06932,2018-10-03,17:07:36,Dinner,NS,"[('Pasta', 2), ('Fish&Chips', 3), ('Salmon', 7)]",447.0,-37.8083633,144.9574928,0,7.948,14.2873539
ORDJ00506,2018-11-22,18:49:00,Dinner,TP,"[('Fish&Chips', 10), ('Shrimp', 7), ('Salmon', 9)]",1097.0,-37.8111175,144.9731851,0,8.89,13.1581831
ORDA02657,2018-08-31,15:56:37,Lunch,BK,"[('Steak', 9), ('Salad', 9), ('Fries', 9)]",667.8,-37.8088722,144.9592606,0,7.857,13.7066864
ORDB03442,2018-05-11,12:13:31,Lunch,TP,"[('Burger', 1), ('Steak', 3)]",166.0,-37.8117735,145.0020003,0,11.108,14.403472
ORDB04629,2018-02-26,09:51:32,Breakfast,TP,"[('Coffee', 6), ('Cereal', 3), ('Eggs', 5), ('Pancake', 3)]",290.75,-37.8034129,144.9799234,0,10.002,12.4772691
ORDK11104,2018-10-19,17:38:01,Dinner,BK,"[('Fish&Chips', 3), ('Shrimp', 9)]",591.0,-37.8181739,144.9669282,0,7.53,14.6824563
ORDK01733,2018-02-20,09:31:16,Breakfast,BK,"[('Coffee', 9), ('Cereal', 6)]",193.5,-37.8069205,144.9428631,0,9.434,14.2404643
ORDZ09379,2018-10-12,17:27:53,Dinner,NS,"[('Pasta', 4), ('Shrimp', 3), ('Fish&Chips', 4), ('Salmon', 7)]",699.0,-37.8189152,144.9645629,0,8.65,15.0793637
ORDB02766,2018-03-29,10:52:23,Breakfast,TP,"[('Cereal', 6), ('Eggs', 9), ('Coffee', 4)]",354.0,-37.8165792,144.9644004,0,7.878,10.0324808
ORDX01901,2018-02-11,09:21:07,Breakfast,BK,"[('Pancake', 4), ('Cereal', 1), ('Eggs', 6)]",250.0,-37.8128061,144.96827,0,7.254,15.0051435
ORDI04566,2018-08-29,15:56:37,Lunch,NS,"[('Fries', 2), ('Burger', 6), ('Salad', 10), ('Chicken', 6), ('Steak', 5)]",799.0,-37.8106377,144.9598277,0,7.787,13.4950983
ORDB11107,2018-11-26,18:59:09,Dinner,TP,"[('Pasta', 3), ('Salmon', 5), ('Fish&Chips', 5), ('Shrimp', 7)]",840.5,-37.8061239,144.9583036,0,9.078,6.60518075
ORDA01029,2018-10-11,17:17:44,Dinner,BK,"[('Salmon', 4), ('Pasta', 1)]",191.5,-37.821792,144.9738299,0,7.616,14.276181
ORDC06377,2018-06-23,13:44:47,Lunch,NS,"[('Fries', 10), ('Steak', 10), ('Burger', 5)]",725.0,-37.8044095,144.9613396,0,7.272,14.844628
ORDA02450,2018-08-20,15:36:20,Lunch,BK,"[('Burger', 3), ('Fries', 5), ('Chicken', 5)]",313.0,-37.8121266,144.9744946,0,6.705,12.2676189
ORDY03551,2018-03-15,10:21:58,Breakfast,TP,"[('Pancake', 7), ('Coffee', 4), ('Eggs', 6)]",331.75,-37.8036135,144.9484611,0,9.976,12.3323902
ORDZ02020,2018-02-05,09:00:50,Breakfast,NS,"[('Cereal', 8), ('Eggs', 8), ('Coffee', 3)]",366.5,-37.8150976,144.9931531,0,9.46,14.8677458
ORDC06961,2018-10-24,17:48:10,Dinner,NS,"[('Fish&Chips', 4), ('Salmon', 1), ('Pasta', 9), ('Shrimp', 7)]",806.5,-37.8204521,144.966533,0,8.835,14.3621736
ORDX08892,2018-06-09,13:14:21,Lunch,BK,"[('Chicken', 2), ('Fries', 7), ('Steak', 5), ('Burger', 8), ('Salad', 7)]",741.4,-37.8199582,144.9587172,0,8.241,16.1443739
ORDB00536,2018-04-15,11:22:49,Breakfast,TP,"[('Eggs', 8), ('Coffee', 6)]",221.0,-37.8070706,144.9712662,0,9.379,13.0136223
ORDJ02860,2018-05-10,12:13:31,Lunch,TP,"[('Chicken', 1), ('Steak', 8), ('Salad', 1)]",409.2,-37.7985159,144.9642037,0,9.92,12.9629727
ORDZ00905,2018-08-22,15:46:28,Lunch,NS,"[('Fries', 8), ('Burger', 7)]",313.0,-37.8091174,144.9368711,0,10.109,15.2995129
ORDZ07906,2018-08-31,15:56:37,Lunch,NS,"[('Steak', 6), ('Salad', 10), ('Chicken', 3), ('Fries', 3)]",574.0,-37.8090664,144.9614455,0,7.672,13.2762102
ORDY09314,2018-06-03,13:04:13,Lunch,TP,"[('Salad', 3), ('Steak', 3), ('Chicken', 10)]",506.6,-37.8168138,144.9701116,0,7.98,12.8603375
ORDA05015,2018-05-21,12:33:48,Lunch,BK,"[('Burger', 10), ('Chicken', 4), ('Salad', 9)]",592.8,-37.8057746,144.9577387,0,7.924,14.2642256
ORDY08423,2018-05-15,12:23:39,Lunch,TP,"[('Fries', 10), ('Chicken', 6), ('Salad', 8)]",449.6,-37.8131321,144.9516991,0,9.065,11.8530394
ORDI03089,2018-10-03,17:07:36,Dinner,NS,"[('Pasta', 3), ('Shrimp', 5), ('Salmon', 8)]",680.5,-37.8122134,144.9519126,0,8.642,14.7841548
ORDB04478,2018-10-10,17:17:44,Dinner,TP,"[('Fish&Chips', 2), ('Salmon', 4)]",234.0,-37.8127518,144.9524035,0,9.099,13.4510856
ORDJ10132,2018-04-19,11:32:57,Breakfast,TP,"[('Pancake', 9), ('Eggs', 1), ('Coffee', 1), ('Cereal', 7)]",394.75,-37.8075589,144.9498873,0,9.523,12.4209362
ORDA02024,2018-10-12,17:27:53,Dinner,BK,"[('Pasta', 7), ('Fish&Chips', 9)]",507.5,-37.8180999,144.9694137,0,7.599,14.7211992
ORDB09399,2018-03-10,10:11:49,Breakfast,TP,"[('Coffee', 2), ('Pancake', 1), ('Eggs', 10), ('Cereal', 3)]",322.25,-37.823121,144.9763575,0,8.119,6.21462375
ORDJ00405,2018-07-07,14:15:12,Lunch,TP,"[('Steak', 6), ('Salad', 8), ('Burger', 5), ('Chicken', 1)]",594.6,-37.81863,145.0160648,0,12.751,16.9016737
ORDZ08798,2018-05-24,12:43:56,Lunch,NS,"[('Salad', 5), ('Burger', 7), ('Fries', 3), ('Steak', 4), ('Chicken', 4)]",647.0,-37.8128407,144.9398968,0,9.628,15.1798302
ORDY00120,2018-12-15,19:29:34,Dinner,TP,"[('Fish&Chips', 4), ('Salmon', 9)]",509.0,-37.8244894,144.9460969,0,8.927,21.257799300000002
ORDB01960,2018-10-23,17:48:10,Dinner,TP,"[('Pasta', 9), ('Fish&Chips', 2), ('Salmon', 5), ('Shrimp', 5)]",792.5,-37.8067771,144.9490393,0,9.647,13.3757001
ORDJ09606,2018-06-08,13:14:21,Lunch,TP,"[('Fries', 2), ('Chicken', 10), ('Burger', 10), ('Steak', 9), ('Salad', 3)]",1110.6,-37.8035393,144.9659768,0,9.495,13.2139156
ORDZ05778,2018-08-28,15:56:37,Lunch,NS,"[('Chicken', 8), ('Salad', 10)]",428.0,-37.8207336,144.9567356,0,9.289,14.4015544
ORDB00948,2018-11-11,18:28:43,Dinner,TP,"[('Fish&Chips', 10), ('Salmon', 8)]",678.0,-37.8148414,144.938077,0,10.378,23.90919855
ORDY05700,2018-11-14,18:28:43,Dinner,TP,"[('Shrimp', 1), ('Salmon', 9)]",423.0,-37.8141002,144.9443534,0,9.698,13.1775998
ORDJ03672,2018-06-12,13:24:30,Lunch,TP,"[('Steak', 9), ('Burger', 10), ('Chicken', 6), ('Salad', 5)]",993.0,-37.8063138,144.9473567,0,9.863,12.8879235
ORDJ04917,2018-05-27,12:43:56,Lunch,TP,"[('Steak', 3), ('Salad', 7), ('Fries', 3), ('Burger', 4)]",415.4,-37.7961278,144.994919,0,11.503,7.94286105
ORDA01541,2018-03-09,10:11:49,Breakfast,BK,"[('Coffee', 7), ('Eggs', 8), ('Pancake', 1), ('Cereal', 8)]",420.75,-37.8187723,144.982729,0,6.495,10.7574005
ORDK05159,2018-01-21,08:40:33,Breakfast,BK,"[('Pancake', 8), ('Cereal', 5)]",299.0,-37.8038983,144.9674978,0,7.357,14.6174177
ORDX05734,2018-03-22,10:32:06,Breakfast,BK,"[('Pancake', 9), ('Cereal', 2)]",260.25,-37.800181,144.9548982,0,8.512,13.0854663
ORDK09515,2018-09-04,16:06:45,Dinner,BK,"[('Salmon', 1), ('Fish&Chips', 10), ('Pasta', 8), ('Shrimp', 3)]",773.0,-37.8015095,144.9563553,0,8.386,14.8983121
ORDC03066,2018-06-15,13:24:30,Lunch,NS,"[('Chicken', 9), ('Salad', 3), ('Fries', 2), ('Burger', 3)]",456.6,-37.8187334,145.015963,0,11.866,17.8188307
ORDA09931,2018-10-03,17:07:36,Dinner,BK,"[('Shrimp', 6), ('Salmon', 1)]",365.0,-37.801983,144.9635371,0,7.858,14.7428277
ORDC08925,2018-03-02,09:51:32,Breakfast,NS,"[('Cereal', 4), ('Coffee', 5), ('Pancake', 9)]",339.75,-37.817927,144.9678674,0,8.52,13.6230171
ORDA05346,2018-06-20,13:34:38,Lunch,BK,"[('Chicken', 1), ('Steak', 5)]",257.0,-37.8044436,144.9492177,0,8.818,14.2249286
ORDK10337,2018-11-12,18:28:43,Dinner,BK,"[('Fish&Chips', 9), ('Pasta', 7)]",507.5,-37.8024067,144.9746222,0,7.014,14.1525873
ORDB03714,2018-07-13,14:25:21,Lunch,TP,"[('Chicken', 2), ('Salad', 5)]",150.0,-37.816173,145.0074038,0,11.49,14.9637607
ORDJ05994,2018-03-07,10:11:49,Breakfast,TP,"[('Eggs', 10), ('Pancake', 6), ('Cereal', 5), ('Coffee', 1)]",478.0,-37.8078707,144.9730414,0,9.25,12.0338391
ORDI05424,2018-05-09,12:13:31,Lunch,NS,"[('Salad', 4), ('Burger', 8)]",316.8,-37.8174734,144.9898764,0,9.22,15.2998566
ORDK04345,2018-02-10,09:10:59,Breakfast,BK,"[('Eggs', 9), ('Coffee', 3)]",220.5,-37.8087126,144.9663936,0,7.141,14.3142479
ORDY10104,2018-09-22,16:47:19,Dinner,TP,"[('Salmon', 7), ('Shrimp', 8), ('Pasta', 4)]",829.0,-37.8004668,144.9486426,0,10.294,15.602173
ORDA06472,2018-03-23,10:42:15,Breakfast,BK,"[('Coffee', 8), ('Cereal', 5)]",165.0,-37.8003725,144.9586265,0,8.281,13.3352361
ORDZ00832,2018-06-14,13:24:30,Lunch,NS,"[('Fries', 6), ('Steak', 5)]",297.0,-37.8096023,144.9637885,0,7.418,12.4804404
ORDK07263,2018-11-27,18:59:09,Dinner,BK,"[('Fish&Chips', 6), ('Salmon', 4), ('Shrimp', 5), ('Pasta', 2)]",699.0,-37.8187564,144.9842151,0,6.31,12.5848156
ORDB01179,2018-06-29,13:54:55,Lunch,TP,"[('Burger', 7), ('Salad', 1), ('Fries', 9), ('Steak', 10)]",792.2,-37.8214043,144.9759479,0,8.449,12.1671471
ORDC04196,2018-05-10,12:13:31,Lunch,NS,"[('Fries', 7), ('Burger', 4)]",208.0,-37.8151594,144.9478253,0,9.137,14.4174153
ORDZ00741,2018-06-21,13:34:38,Lunch,NS,"[('Burger', 2), ('Salad', 8), ('Fries', 2), ('Chicken', 5), ('Steak', 10)]",833.6,-37.82144,144.9538043,0,9.535,15.3575323
ORDB06703,2018-09-20,16:37:10,Dinner,TP,"[('Shrimp', 2), ('Fish&Chips', 1), ('Pasta', 1)]",170.5,-37.8086002,144.9520474,0,9.224,6.9048224
ORDB10878,2018-01-01,08:00:00,Breakfast,TP,"[('Coffee', 9), ('Cereal', 9), ('Eggs', 2), ('Pancake', 5)]",421.75,-37.8041525,144.958323,1,9.239,5.3548003
ORDC07658,2018-08-14,15:26:11,Lunch,NS,"[('Chicken', 6), ('Steak', 9), ('Burger', 4)]",721.0,-37.805931,144.9381047,0,9.813,15.4753895
ORDY08802,2018-01-24,08:40:33,Breakfast,TP,"[('Eggs', 3), ('Pancake', 2)]",114.5,-37.821308,144.9542643,0,8.258,10.9618651
ORDA01633,2018-08-12,15:26:11,Lunch,BK,"[('Burger', 6), ('Chicken', 2), ('Salad', 10), ('Steak', 9), ('Fries', 6)]",899.0,-37.8129206,144.9690577,0,7.224,15.8792353
ORDY03093,2018-07-02,14:05:04,Lunch,TP,"[('Steak', 7), ('Chicken', 2)]",379.0,-37.8130728,144.9635301,0,8.171,11.2943983
ORDY04610,2018-05-24,12:43:56,Lunch,TP,"[('Fries', 9), ('Chicken', 1), ('Salad', 2)]",174.4,-37.8187211,144.9771057,0,8.548,12.1948564
ORDB02263,2018-02-25,09:41:24,Breakfast,TP,"[('Coffee', 1), ('Cereal', 10)]",217.5,-37.8081488,144.975634,0,9.251,13.4877632
ORDY05542,2018-04-06,11:02:32,Breakfast,TP,"[('Eggs', 4), ('Cereal', 4)]",172.0,-37.8178315,144.9663314,0,7.643,10.6851285
ORDI08140,2018-10-24,17:48:10,Dinner,NS,"[('Fish&Chips', 7), ('Shrimp', 6), ('Pasta', 4)]",679.0,-37.8105145,144.9723399,0,8.431,14.6412211
ORDY03873,2018-06-04,13:04:13,Lunch,TP,"[('Salad', 2), ('Chicken', 2)]",98.4,-37.8108192,144.9387736,0,10.275,13.5921273
ORDY05297,2018-10-22,17:48:10,Dinner,TP,"[('Pasta', 8), ('Fish&Chips', 6), ('Shrimp', 10), ('Salmon', 7)]",1257.0,-37.8199937,144.9824617,0,9.088,13.2945569
ORDJ01865,2018-01-13,08:20:16,Breakfast,TP,"[('Cereal', 1), ('Pancake', 4)]",118.0,-37.8180212,144.9668544,1,7.637,5.7679574
ORDK10953,2018-10-21,17:38:01,Dinner,BK,"[('Salmon', 5), ('Shrimp', 5), ('Pasta', 8), ('Fish&Chips', 7)]",940.0,-37.8234357,144.9702067,0,7.973,17.6646502
ORDY07802,2018-09-22,16:47:19,Dinner,TP,"[('Fish&Chips', 1), ('Salmon', 6), ('Pasta', 6)]",446.0,-37.8004553,144.9485174,0,10.306,16.3058694
ORDX00568,2018-07-16,14:25:21,Lunch,BK,"[('Burger', 9), ('Salad', 8), ('Fries', 2), ('Steak', 3)]",575.6,-37.8010046,145.0144797,0,4.796,10.6680606
ORDJ10632,2018-02-01,09:00:50,Breakfast,TP,"[('Cereal', 8), ('Pancake', 8)]",362.0,-37.8152876,144.9556252,0,8.475,10.8535717
ORDZ10066,2018-02-05,09:10:59,Breakfast,NS,"[('Cereal', 5), ('Eggs', 7), ('Coffee', 9)]",326.5,-37.8213827,144.9891057,0,9.414,14.5111946
ORDX03028,2018-10-15,17:27:53,Dinner,BK,"[('Shrimp', 3), ('Salmon', 1), ('Fish&Chips', 10), ('Pasta', 9)]",800.5,-37.8117158,144.9920942,0,4.997,11.8168411
ORDZ00366,2018-05-13,12:23:39,Lunch,NS,"[('Salad', 3), ('Steak', 9), ('Fries', 6), ('Burger', 3)]",621.6,-37.8084975,144.9589549,0,7.737,14.817747
ORDK05802,2018-07-26,14:45:38,Lunch,BK,"[('Chicken', 3), ('Salad', 5), ('Burger', 8), ('Steak', 10), ('Fries', 7)]",964.0,-37.8037919,144.9602993,0,7.883,13.8521931
ORDA01657,2018-07-14,14:25:21,Lunch,BK,"[('Steak', 9), ('Chicken', 2), ('Burger', 2), ('Fries', 5), ('Salad', 2)]",625.4,-37.8177561,145.0078014,0,4.058,12.2126606
ORDJ10639,2018-02-01,09:00:50,Breakfast,TP,"[('Cereal', 6), ('Eggs', 7)]",280.0,-37.820244,144.9788723,0,8.792,11.2340731
ORDA04368,2018-07-28,14:55:46,Lunch,BK,"[('Salad', 10), ('Burger', 1), ('Fries', 9), ('Steak', 7), ('Chicken', 1)]",658.0,-37.7973671,144.9691318,0,7.959,16.2115163
ORDJ05299,2018-02-15,09:31:16,Breakfast,TP,"[('Coffee', 3), ('Eggs', 5)]",132.5,-37.8106144,144.9757999,0,9.069,11.6872284
ORDC06966,2018-07-09,14:15:12,Lunch,NS,"[('Chicken', 3), ('Salad', 7), ('Fries', 9)]",324.4,-37.8093554,144.9744788,0,7.364,12.6466567
ORDY05310,2018-09-16,16:27:02,Dinner,TP,"[('Salmon', 1), ('Shrimp', 5)]",311.0,-37.8041542,144.9642024,0,9.358,14.5222524
ORDB02162,2018-02-15,09:21:07,Breakfast,TP,"[('Pancake', 4), ('Eggs', 2), ('Cereal', 8), ('Coffee', 6)]",354.0,-37.8028901,144.9876627,0,10.626,12.5733826
ORDI06479,2018-04-30,11:53:14,Breakfast,NS,"[('Pancake', 2), ('Cereal', 6), ('Eggs', 7), ('Coffee', 6)]",373.5,-37.8187425,144.9532489,0,9.224,13.9201751
ORDX04860,2018-05-13,12:23:39,Lunch,BK,"[('Fries', 7), ('Salad', 6)]",187.2,-37.8190083,144.9618741,0,7.946,15.7790321
ORDA05005,2018-10-15,17:27:53,Dinner,BK,"[('Shrimp', 7), ('Pasta', 10), ('Fish&Chips', 1), ('Salmon', 6)]",934.0,-37.8134021,144.9954422,0,4.83,11.2331355
ORDZ03009,2018-01-06,08:10:08,Breakfast,NS,"[('Eggs', 4), ('Pancake', 8)]",282.0,-37.8112924,144.9637186,1,7.794,7.5917938
ORDB06972,2018-12-31,20:00:00,Dinner,TP,"[('Shrimp', 4), ('Fish&Chips', 8), ('Pasta', 8), ('Salmon', 1)]",757.0,-37.8048333,144.9588489,0,9.146,13.4491871
ORDB05256,2018-01-01,08:00:00,Breakfast,TP,"[('Cereal', 1), ('Coffee', 9), ('Eggs', 2)]",132.5,-37.8025734,144.9722269,1,9.918,6.4173077
ORDZ06487,2018-12-15,19:29:34,Dinner,NS,"[('Pasta', 4), ('Salmon', 1)]",151.0,-37.8243866,144.9437285,0,10.567,18.8769038
ORDJ01853,2018-04-18,11:32:57,Breakfast,TP,"[('Coffee', 2), ('Pancake', 8), ('Cereal', 1)]",230.0,-37.8161425,144.9724102,0,8.199,11.7119611
ORDC10612,2018-09-03,16:06:45,Dinner,NS,"[('Fish&Chips', 10), ('Shrimp', 1), ('Pasta', 10)]",679.0,-37.8106765,144.9580226,0,8.084,14.047783
ORDC06765,2018-03-29,10:52:23,Breakfast,NS,"[('Pancake', 7), ('Cereal', 8)]",337.75,-37.8044794,144.9732073,0,6.829,12.0787888
ORDY08365,2018-04-22,11:32:57,Breakfast,TP,"[('Pancake', 9), ('Cereal', 1), ('Coffee', 5)]",276.75,-37.8189747,144.9527594,0,8.583,12.6826116
ORDJ01911,2018-07-30,14:55:46,Lunch,TP,"[('Steak', 9), ('Salad', 5), ('Burger', 7), ('Chicken', 5)]",868.0,-37.802619,145.0018079,0,11.825,14.8975065
ORDJ01991,2018-05-08,12:13:31,Lunch,TP,"[('Fries', 7), ('Steak', 6), ('Burger', 2)]",416.0,-37.8247028,144.9428722,0,9.257,12.684179
ORDY00760,2018-02-01,09:00:50,Breakfast,TP,"[('Cereal', 3), ('Pancake', 3)]",135.75,-37.8206783,144.9793054,0,8.777,11.4020848
ORDJ05103,2018-08-18,15:36:20,Lunch,TP,"[('Burger', 6), ('Salad', 10), ('Chicken', 8)]",614.0,-37.8104531,145.0037593,0,11.384,16.1012501
ORDC08864,2018-12-12,19:29:34,Dinner,NS,"[('Pasta', 10), ('Salmon', 2), ('Shrimp', 9), ('Fish&Chips', 6)]",1053.0,-37.8208956,144.9560135,0,9.352,14.9102282
ORDA01506,2018-07-26,14:45:38,Lunch,BK,"[('Burger', 10), ('Chicken', 4), ('Fries', 4)]",486.0,-37.8058917,144.9337076,0,10.229,16.0259033
ORDZ01089,2018-07-07,14:05:04,Lunch,NS,"[('Steak', 10), ('Chicken', 2), ('Fries', 5), ('Burger', 4)]",698.0,-37.8168442,144.9693154,0,8.147,15.431221
ORDB06974,2018-11-10,18:18:35,Dinner,TP,"[('Salmon', 5), ('Shrimp', 4)]",421.0,-37.8200022,144.9844458,0,9.309,14.40912
ORDC05485,2018-07-28,14:55:46,Lunch,NS,"[('Burger', 4), ('Chicken', 8), ('Salad', 6), ('Fries', 10)]",603.2,-37.8093125,144.9581717,0,7.884,15.4438563
ORDA10415,2018-03-28,10:52:23,Breakfast,BK,"[('Pancake', 8), ('Eggs', 3), ('Cereal', 7)]",407.0,-37.8142097,144.9649909,0,7.662,12.5937898
ORDB10185,2018-04-19,11:32:57,Breakfast,TP,"[('Pancake', 4), ('Coffee', 2)]",112.0,-37.8134711,144.9737343,0,8.592,17.346872400000002
ORDI04928,2018-02-07,09:10:59,Breakfast,NS,"[('Pancake', 10), ('Cereal', 10), ('Eggs', 4)]",540.5,-37.8209726,144.9762569,0,8.572,13.328498
ORDC00621,2018-04-04,11:02:32,Breakfast,NS,"[('Eggs', 5), ('Coffee', 9)]",177.5,-37.8238502,144.9836936,0,9.308,14.2652625
ORDA03227,2018-09-23,16:47:19,Dinner,BK,"[('Shrimp', 1), ('Salmon', 4), ('Pasta', 4)]",328.0,-37.8041864,144.9965002,0,5.042,14.5054455
ORDX01935,2018-10-09,17:17:44,Dinner,BK,"[('Salmon', 6), ('Shrimp', 9), ('Fish&Chips', 10)]",1082.0,-37.8158525,144.9880066,0,5.707,18.8911107
ORDA05971,2018-12-13,19:29:34,Dinner,BK,"[('Pasta', 7), ('Fish&Chips', 6), ('Salmon', 3), ('Shrimp', 7)]",903.5,-37.8236459,144.9878827,0,6.412,13.0327841
ORDY05198,2018-05-22,12:33:48,Lunch,TP,"[('Salad', 8), ('Fries', 9), ('Chicken', 9), ('Burger', 10), ('Steak', 4)]",1023.6,-37.7973366,145.0107,0,13.054,16.4568805
ORDI10858,2018-06-28,13:54:55,Lunch,NS,"[('Fries', 3), ('Burger', 5), ('Salad', 8), ('Steak', 2)]",418.6,-37.8247609,144.9887203,0,9.658,15.6904914
ORDX04299,2018-05-19,12:33:48,Lunch,BK,"[('Chicken', 10), ('Steak', 9)]",725.0,-37.8245608,144.9564993,0,9.817,18.3970543
ORDI08940,2018-07-13,14:25:21,Lunch,NS,"[('Steak', 2), ('Fries', 6), ('Chicken', 7), ('Burger', 9)]",665.0,-37.8184589,145.0076859,0,10.831,16.6248104
ORDY09470,2018-02-07,09:10:59,Breakfast,TP,"[('Coffee', 2), ('Cereal', 9)]",204.0,-37.8095786,144.9765781,0,9.156,12.1245226
ORDB08327,2018-07-30,14:55:46,Lunch,TP,"[('Steak', 6), ('Chicken', 8), ('Salad', 4), ('Burger', 1), ('Fries', 3)]",661.8,-37.8239657,144.9595061,0,8.023,12.0736128
ORDX05122,2018-12-03,19:09:17,Dinner,BK,"[('Pasta', 9), ('Fish&Chips', 1)]",282.5,-37.8179018,144.9578568,0,8.35,15.2559532
ORDK05883,2018-05-15,12:23:39,Lunch,BK,"[('Steak', 1), ('Burger', 1), ('Fries', 3), ('Salad', 2)]",146.4,-37.8080269,144.97067,0,7.063,12.9967531
ORDI08256,2018-12-02,19:09:17,Dinner,NS,"[('Salmon', 10), ('Shrimp', 6), ('Fish&Chips', 8)]",1014.0,-37.8204771,144.9576975,0,9.195,17.2976848
ORDY10187,2018-07-11,14:15:12,Lunch,TP,"[('Salad', 8), ('Burger', 9), ('Fries', 7), ('Chicken', 7), ('Steak', 3)]",859.6,-37.8277805,144.9843506,0,9.033,12.6234337
ORDA01161,2018-11-20,18:38:52,Dinner,BK,"[('Salmon', 8), ('Shrimp', 10), ('Pasta', 8)]",1088.0,-37.8263024,145.0186793,0,5.247,12.1614429
ORDC01301,2018-01-10,08:10:08,Breakfast,NS,"[('Eggs', 8), ('Coffee', 10), ('Cereal', 2), ('Pancake', 1)]",317.25,-37.8070369,144.9570793,1,8.151,6.4554523
ORDB10096,2018-07-06,14:05:04,Lunch,TP,"[('Fries', 1), ('Burger', 3), ('Steak', 6)]",375.0,-37.8137617,144.9378304,0,10.656,14.0259179
ORDK00798,2018-12-14,19:29:34,Dinner,BK,"[('Pasta', 4), ('Shrimp', 1), ('Salmon', 10), ('Fish&Chips', 1)]",609.0,-37.8052483,144.9508189,0,8.528,15.3928099
ORDJ10606,2018-04-25,11:43:05,Breakfast,TP,"[('Pancake', 5), ('Eggs', 2), ('Coffee', 10)]",240.25,-37.8186403,144.9534633,0,8.541,10.6593939
ORDA08212,2018-03-14,10:21:58,Breakfast,BK,"[('Coffee', 2), ('Eggs', 3), ('Cereal', 8), ('Pancake', 5)]",370.25,-37.8147767,144.9582332,0,8.164,19.59798165
ORDC09581,2018-01-09,08:10:08,Breakfast,NS,"[('Coffee', 8), ('Cereal', 10), ('Eggs', 8), ('Pancake', 6)]",591.5,-37.8145621,144.9382235,1,9.788,7.3320622
ORDX01007,2018-03-18,10:32:06,Breakfast,BK,"[('Eggs', 3), ('Pancake', 2)]",114.5,-37.8113306,144.9728599,0,6.805,14.0591262
ORDY05672,2018-11-08,18:18:35,Dinner,TP,"[('Salmon', 5), ('Pasta', 4), ('Shrimp', 7), ('Fish&Chips', 2)]",763.0,-37.8115493,144.9832912,0,9.375,13.874817
ORDZ04366,2018-04-10,11:12:40,Breakfast,NS,"[('Cereal', 3), ('Coffee', 4)]",93.0,-37.8007681,144.9700039,0,6.113,11.4440247
ORDJ02184,2018-08-20,15:36:20,Lunch,TP,"[('Steak', 7), ('Salad', 6), ('Burger', 2), ('Chicken', 6), ('Fries', 5)]",732.2,-37.8140839,144.9361177,0,10.618,13.7204042
ORDK10282,2018-04-29,11:53:14,Breakfast,BK,"[('Coffee', 1), ('Cereal', 9), ('Pancake', 7), ('Eggs', 4)]",454.25,-37.8090031,144.9449882,0,9.241,16.7188645
ORDX09005,2018-04-28,11:53:14,Breakfast,BK,"[('Cereal', 9), ('Pancake', 9), ('Coffee', 2)]",422.25,-37.8161469,144.9637799,0,7.867,15.0139253
ORDB00518,2018-07-27,14:45:38,Lunch,TP,"[('Salad', 4), ('Burger', 6)]",254.8,-37.8216764,144.9792031,0,8.61,11.7027576
ORDZ05435,2018-04-14,11:22:49,Breakfast,NS,"[('Pancake', 3), ('Coffee', 7), ('Eggs', 2)]",169.25,-37.8057185,144.9449095,0,8.927,15.8237125
ORDA04807,2018-09-20,16:37:10,Dinner,BK,"[('Pasta', 4), ('Fish&Chips', 6), ('Shrimp', 5), ('Salmon', 10)]",1000.0,-37.8086002,144.9520474,0,8.555,15.0939097
ORDY01515,2018-10-07,17:17:44,Dinner,TP,"[('Fish&Chips', 2), ('Salmon', 6)]",316.0,-37.8083198,144.9555354,0,9.051,14.6043297
ORDA06541,2018-05-18,12:33:48,Lunch,BK,"[('Fries', 4), ('Salad', 9)]",202.8,-37.8030375,145.004495,0,5.436,10.8076608
ORDX03281,2018-03-11,10:11:49,Breakfast,BK,"[('Coffee', 4), ('Cereal', 4), ('Eggs', 8)]",290.0,-37.8045246,144.9632753,0,7.574,15.495477
ORDI08416,2018-01-22,08:40:33,Breakfast,NS,"[('Eggs', 10), ('Cereal', 7)]",367.0,-37.8214251,144.9540041,0,9.518,14.6176109
ORDI07091,2018-04-07,11:02:32,Breakfast,NS,"[('Eggs', 4), ('Pancake', 3), ('Coffee', 8), ('Cereal', 3)]",283.75,-37.8114157,144.9730729,0,7.436,14.4529044
ORDX02583,2018-09-28,16:57:27,Dinner,BK,"[('Shrimp', 7), ('Fish&Chips', 8), ('Pasta', 1)]",685.5,-37.8006633,144.943074,0,9.478,8.4101552
ORDB10700,2018-09-13,16:27:02,Dinner,TP,"[('Salmon', 3), ('Pasta', 1), ('Fish&Chips', 8), ('Shrimp', 4)]",646.5,-37.8182224,144.9775283,0,8.604,12.0208743
ORDZ08912,2018-12-26,19:49:51,Dinner,NS,"[('Salmon', 10), ('Pasta', 10), ('Shrimp', 5)]",955.0,-37.7945465,144.9357497,0,7.266,12.9042865
ORDX11103,2018-07-26,14:45:38,Lunch,BK,"[('Chicken', 2), ('Salad', 8), ('Steak', 1)]",246.6,-37.8041264,144.9349167,0,10.453,16.599501
ORDB00897,2018-06-21,13:34:38,Lunch,TP,"[('Burger', 9), ('Steak', 9), ('Salad', 8), ('Chicken', 5)]",981.6,-37.809021,145.0101695,0,12.154,14.9155993
ORDC01726,2018-03-23,10:42:15,Breakfast,NS,"[('Cereal', 3), ('Pancake', 9)]",281.25,-37.8163392,144.9287765,0,10.552,15.5208125
ORDC04847,2018-12-07,19:19:26,Dinner,NS,"[('Fish&Chips', 5), ('Shrimp', 7)]",553.0,-37.8104197,145.0104734,0,10.404,16.0299609
ORDX10928,2018-04-16,11:22:49,Breakfast,BK,"[('Coffee', 6), ('Eggs', 1), ('Cereal', 7)]",214.0,-37.811443,144.9647049,0,7.421,11.9713719
ORDY04741,2018-04-01,10:52:23,Breakfast,TP,"[('Pancake', 1), ('Eggs', 4)]",112.25,-37.8170613,144.9534451,0,8.59,13.0319651
ORDJ03046,2018-10-08,17:17:44,Dinner,TP,"[('Fish&Chips', 10), ('Pasta', 4), ('Shrimp', 9), ('Salmon', 9)]",1315.0,-37.8176318,144.9590456,0,7.949,11.9219859
ORDJ00912,2018-10-16,17:27:53,Dinner,TP,"[('Fish&Chips', 9), ('Pasta', 9)]",562.5,-37.8178088,144.9923317,0,9.9,14.4907726
ORDZ03181,2018-03-21,10:32:06,Breakfast,NS,"[('Pancake', 5), ('Coffee', 2), ('Eggs', 2), ('Cereal', 7)]",327.25,-37.8168667,144.9613975,0,8.511,13.4668788
ORDB03388,2018-07-26,14:45:38,Lunch,TP,"[('Salad', 4), ('Steak', 8), ('Burger', 3)]",521.8,-37.8030057,144.9357137,0,10.872,14.2705145
ORDA08495,2018-01-03,08:00:00,Breakfast,BK,"[('Cereal', 8), ('Coffee', 1)]",175.5,-37.8048702,144.961308,1,9.604,7.4635283
